path	canon
std.Io.Dir.CreateFileOptions	Io.Dir.CreateFileOptions
std.Io.File.CreateFlags	Io.Dir.CreateFileOptions
std.Io.Dir.OpenFileOptions	Io.Dir.OpenFileOptions
std.Io.File.OpenFlags	Io.Dir.OpenFileOptions
std.Io.Dir.OpenFileOptions.Mode	Io.Dir.OpenFileOptions.Mode
std.Io.File.OpenFlags.Mode	Io.Dir.OpenFileOptions.Mode
std.Io.File.OpenMode	Io.Dir.OpenFileOptions.Mode
std.Io.Dir.HardLinkOptions	Io.File.HardLinkOptions
std.Io.File.HardLinkOptions	Io.File.HardLinkOptions
std.Io.File.Reader.Mode	Io.File.Reader.Mode
std.Io.File.Writer.Mode	Io.File.Reader.Mode
std.Io.Dir.Stat	Io.File.Stat
std.Io.File.Stat	Io.File.Stat
std.Random.ChaCha	Random.ChaCha
std.Random.DefaultCsprng	Random.ChaCha
std.Random.DefaultPrng	Random.Xoshiro256
std.Random.Xoshiro256	Random.Xoshiro256
std.SemanticVersion	SemanticVersion
std.Target.Query.SemanticVersion	SemanticVersion
std.SemanticVersion.Range	SemanticVersion.Range
std.Target.Query.SemanticVersion.Range	SemanticVersion.Range
std.Target.Os.WindowsVersion	Target.Os.WindowsVersion
std.zig.system.windows.WindowsVersion	Target.Os.WindowsVersion
std.Target.Os.WindowsVersion.Range	Target.Os.WindowsVersion.Range
std.zig.system.windows.WindowsVersion.Range	Target.Os.WindowsVersion.Range
std.Target.kalimba	Target.generic
std.Target.microblaze	Target.generic
std.Target.or1k	Target.generic
std.Target.sh	Target.generic
std.Target.kalimba.Feature	Target.generic.Feature
std.Target.microblaze.Feature	Target.generic.Feature
std.Target.or1k.Feature	Target.generic.Feature
std.Target.sh.Feature	Target.generic.Feature
std.Target.kalimba.cpu	Target.generic.cpu
std.Target.microblaze.cpu	Target.generic.cpu
std.Target.or1k.cpu	Target.generic.cpu
std.Target.sh.cpu	Target.generic.cpu
std.Build.Cache.BinDigest	[16]u8
std.os.uefi.protocol.Ip6.Address	[16]u8
std.zig.SrcHash	[16]u8
std.Build.Cache.HexDigest	[32]u8
std.crypto.dh.X25519.Curve.scalar.CompressedScalar	[32]u8
std.crypto.ecc.Curve25519.scalar.CompressedScalar	[32]u8
std.crypto.ecc.Edwards25519.scalar.CompressedScalar	[32]u8
std.crypto.ecc.P256.scalar.CompressedScalar	[32]u8
std.crypto.ecc.Ristretto255.Curve.scalar.CompressedScalar	[32]u8
std.crypto.ecc.Ristretto255.scalar.CompressedScalar	[32]u8
std.crypto.ecc.Secp256k1.scalar.CompressedScalar	[32]u8
std.os.uefi.protocol.SimpleNetwork.MacAddress	[32]u8
std.DynamicBitSet	bit_set.DynamicBitSet
std.bit_set.DynamicBitSet	bit_set.DynamicBitSet
std.DynamicBitSetUnmanaged	bit_set.DynamicBitSetUnmanaged
std.bit_set.DynamicBitSetUnmanaged	bit_set.DynamicBitSetUnmanaged
std.builtin.VaList	builtin.VaListX86_64
std.builtin.VaListX86_64	builtin.VaListX86_64
std.crypto.dh.X25519.Curve	crypto.25519.curve25519.Curve25519
std.crypto.ecc.Curve25519	crypto.25519.curve25519.Curve25519
std.crypto.ecc.Edwards25519	crypto.25519.edwards25519.Edwards25519
std.crypto.ecc.Ristretto255.Curve	crypto.25519.edwards25519.Edwards25519
std.crypto.sign.Ed25519.Curve	crypto.25519.edwards25519.Edwards25519
std.crypto.dh.X25519.Curve.Fe	crypto.25519.field.Fe
std.crypto.ecc.Curve25519.Fe	crypto.25519.field.Fe
std.crypto.ecc.Edwards25519.Fe	crypto.25519.field.Fe
std.crypto.ecc.Ristretto255.Curve.Fe	crypto.25519.field.Fe
std.crypto.ecc.Ristretto255.Fe	crypto.25519.field.Fe
std.crypto.sign.Ed25519.Curve.Fe	crypto.25519.field.Fe
std.crypto.dh.X25519.Curve.scalar	crypto.25519.scalar
std.crypto.ecc.Curve25519.scalar	crypto.25519.scalar
std.crypto.ecc.Edwards25519.scalar	crypto.25519.scalar
std.crypto.ecc.Ristretto255.Curve.scalar	crypto.25519.scalar
std.crypto.ecc.Ristretto255.scalar	crypto.25519.scalar
std.crypto.sign.Ed25519.Curve.scalar	crypto.25519.scalar
std.crypto.dh.X25519.Curve.scalar.Scalar	crypto.25519.scalar.Scalar
std.crypto.ecc.Curve25519.scalar.Scalar	crypto.25519.scalar.Scalar
std.crypto.ecc.Edwards25519.scalar.Scalar	crypto.25519.scalar.Scalar
std.crypto.ecc.Ristretto255.Curve.scalar.Scalar	crypto.25519.scalar.Scalar
std.crypto.ecc.Ristretto255.scalar.Scalar	crypto.25519.scalar.Scalar
std.crypto.dh.X25519.KeyPair	crypto.25519.x25519.X25519.KeyPair
std.crypto.nacl.Box.KeyPair	crypto.25519.x25519.X25519.KeyPair
std.crypto.nacl.SealedBox.KeyPair	crypto.25519.x25519.X25519.KeyPair
std.crypto.Certificate.Parsed.Slice	crypto.Certificate.der.Element.Slice
std.crypto.Certificate.der.Element.Slice	crypto.Certificate.der.Element.Slice
std.crypto.core.aes.Aes128.block	crypto.aes.aesni.Block
std.crypto.core.aes.Aes256.block	crypto.aes.aesni.Block
std.crypto.core.aes.Block	crypto.aes.aesni.Block
std.crypto.hash.Blake3	crypto.blake3.Blake3
std.zig.SrcHasher	crypto.blake3.Blake3
std.crypto.hash.Blake3.KdfOptions	crypto.blake3.Blake3.KdfOptions
std.zig.SrcHasher.KdfOptions	crypto.blake3.Blake3.KdfOptions
std.crypto.hash.Blake3.Options	crypto.blake3.Blake3.Options
std.zig.SrcHasher.Options	crypto.blake3.Blake3.Options
std.crypto.hash.sha3.KT128.Options	crypto.kangarootwelve.KTHash(crypto.kangarootwelve.KangarooVariant(128,168,32,crypto.sha3.ShakeLike(128,6,12),1,3,0,4,(function 'turboShake128MultiSliceToBuffer'),(function 'turboShake128MultiSlice')),(function 'turboShake128MultiSliceToBuffer')).Options
std.crypto.hash.sha3.KT256.Options	crypto.kangarootwelve.KTHash(crypto.kangarootwelve.KangarooVariant(128,168,32,crypto.sha3.ShakeLike(128,6,12),1,3,0,4,(function 'turboShake128MultiSliceToBuffer'),(function 'turboShake128MultiSlice')),(function 'turboShake128MultiSliceToBuffer')).Options
std.crypto.hash.sha2.Sha224.Options	crypto.sha2.Sha2x32(.{ 3238371032, 914150663, 812702999, 4144912697, 4290775857, 1750603025, 1694076839, 3204075428 },224).Options
std.crypto.hash.sha2.Sha256.Options	crypto.sha2.Sha2x32(.{ 3238371032, 914150663, 812702999, 4144912697, 4290775857, 1750603025, 1694076839, 3204075428 },224).Options
std.crypto.hash.sha2.Sha256T192.Options	crypto.sha2.Sha2x32(.{ 3238371032, 914150663, 812702999, 4144912697, 4290775857, 1750603025, 1694076839, 3204075428 },224).Options
std.crypto.hash.sha2.Sha384.Options	crypto.sha2.Sha2x64(.{ 14680500436340154072, 7105036623409894663, 10473403895298186519, 1526699215303891257, 7436329637833083697, 10282925794625328401, 15784041429090275239, 5167115440072839076 },384).Options
std.crypto.hash.sha2.Sha512.Options	crypto.sha2.Sha2x64(.{ 14680500436340154072, 7105036623409894663, 10473403895298186519, 1526699215303891257, 7436329637833083697, 10282925794625328401, 15784041429090275239, 5167115440072839076 },384).Options
std.crypto.hash.sha2.Sha512T224.Options	crypto.sha2.Sha2x64(.{ 14680500436340154072, 7105036623409894663, 10473403895298186519, 1526699215303891257, 7436329637833083697, 10282925794625328401, 15784041429090275239, 5167115440072839076 },384).Options
std.crypto.hash.sha2.Sha512T256.Options	crypto.sha2.Sha2x64(.{ 14680500436340154072, 7105036623409894663, 10473403895298186519, 1526699215303891257, 7436329637833083697, 10282925794625328401, 15784041429090275239, 5167115440072839076 },384).Options
std.crypto.hash.sha2.Sha512_224.Options	crypto.sha2.Sha2x64(.{ 14680500436340154072, 7105036623409894663, 10473403895298186519, 1526699215303891257, 7436329637833083697, 10282925794625328401, 15784041429090275239, 5167115440072839076 },384).Options
std.crypto.hash.sha2.Sha512_256.Options	crypto.sha2.Sha2x64(.{ 14680500436340154072, 7105036623409894663, 10473403895298186519, 1526699215303891257, 7436329637833083697, 10282925794625328401, 15784041429090275239, 5167115440072839076 },384).Options
std.crypto.hash.sha3.CShake128.Options	crypto.sha3.CShakeLike(128,4,24,null).Options
std.crypto.hash.sha3.CShake256.Options	crypto.sha3.CShakeLike(128,4,24,null).Options
std.crypto.hash.sha3.KMac128.Options	crypto.sha3.KMacLike(128,4,24).Options
std.crypto.hash.sha3.KMac256.Options	crypto.sha3.KMacLike(128,4,24).Options
std.crypto.hash.sha3.Sha3_224.Options	crypto.sha3.Keccak(1600,224,6,24).Options
std.crypto.hash.sha3.Sha3_256.Options	crypto.sha3.Keccak(1600,224,6,24).Options
std.crypto.hash.sha3.Sha3_384.Options	crypto.sha3.Keccak(1600,224,6,24).Options
std.crypto.hash.sha3.Sha3_512.Options	crypto.sha3.Keccak(1600,224,6,24).Options
std.crypto.hash.sha3.Keccak256.Options	crypto.sha3.Keccak(1600,256,1,24).Options
std.crypto.hash.sha3.Keccak512.Options	crypto.sha3.Keccak(1600,256,1,24).Options
std.crypto.hash.sha3.Shake128.Options	crypto.sha3.ShakeLike(128,31,24).Options
std.crypto.hash.sha3.Shake256.Options	crypto.sha3.ShakeLike(128,31,24).Options
std.crypto.hash.sha3.TupleHash128.Options	crypto.sha3.TupleHashLike(128,4,24).Options
std.crypto.hash.sha3.TupleHash256.Options	crypto.sha3.TupleHashLike(128,4,24).Options
std.debug.Dwarf.SelfUnwinder	debug.Dwarf.SelfUnwinder
std.debug.SelfInfo.UnwindContext	debug.Dwarf.SelfUnwinder
std.elf.Elf32.Rel.Info	elf.Elf32.Rel.Info
std.elf.Elf32.Rela.Info	elf.Elf32.Rel.Info
std.elf.Elf32.Sym.Info	elf.Elf32.Sym.Info
std.elf.Elf64.Sym.Info	elf.Elf32.Sym.Info
std.elf.Elf32.Sym.Other	elf.Elf32.Sym.Other
std.elf.Elf64.Sym.Other	elf.Elf32.Sym.Other
std.elf.Elf64.Rel.Info	elf.Elf64.Rel.Info
std.elf.Elf64.Rela.Info	elf.Elf64.Rel.Info
std.Io.Dir.path	fs.path
std.fs.path	fs.path
std.Io.Dir.path.NativeComponentIterator	fs.path.ComponentIterator(.posix,u8)
std.fs.path.NativeComponentIterator	fs.path.ComponentIterator(.posix,u8)
std.Io.Dir.path.PathType	fs.path.PathType
std.fs.path.PathType	fs.path.PathType
std.Io.Dir.path.Win32PathType	fs.path.Win32PathType
std.fs.path.Win32PathType	fs.path.Win32PathType
std.Io.Dir.path.WindowsPath	fs.path.WindowsPath
std.fs.path.WindowsPath	fs.path.WindowsPath
std.hash.CityHash32	hash.cityhash.CityHash32
std.hash.cityhash.CityHash32	hash.cityhash.CityHash32
std.hash.CityHash64	hash.cityhash.CityHash64
std.hash.cityhash.CityHash64	hash.cityhash.CityHash64
std.hash.Murmur2_32	hash.murmur.Murmur2_32
std.hash.murmur.Murmur2_32	hash.murmur.Murmur2_32
std.hash.Murmur2_64	hash.murmur.Murmur2_64
std.hash.murmur.Murmur2_64	hash.murmur.Murmur2_64
std.hash.Murmur3_32	hash.murmur.Murmur3_32
std.hash.murmur.Murmur3_32	hash.murmur.Murmur3_32
std.Build.Cache.Path.TableAdapter.Hash	hash.wyhash.Wyhash
std.hash.Wyhash	hash.wyhash.Wyhash
std.json.AllocWhen	json.Scanner.AllocWhen
std.json.Scanner.AllocWhen	json.Scanner.AllocWhen
std.json.Diagnostics	json.Scanner.Diagnostics
std.json.Scanner.Diagnostics	json.Scanner.Diagnostics
std.json.Reader	json.Scanner.Reader
std.json.Scanner.Reader	json.Scanner.Reader
std.json.Scanner.Token	json.Scanner.Token
std.json.Token	json.Scanner.Token
std.json.Scanner.TokenType	json.Scanner.TokenType
std.json.TokenType	json.Scanner.TokenType
std.os.uefi.protocol.SimpleTextInput.Key	os.uefi.protocol.simple_text_input_ex.SimpleTextInputEx.Key
std.os.uefi.protocol.SimpleTextInputEx.Key	os.uefi.protocol.simple_text_input_ex.SimpleTextInputEx.Key
std.os.uefi.protocol.SimpleTextInput.Key.Input	os.uefi.protocol.simple_text_input_ex.SimpleTextInputEx.Key.Input
std.os.uefi.protocol.SimpleTextInputEx.Key.Input	os.uefi.protocol.simple_text_input_ex.SimpleTextInputEx.Key.Input
std.os.uefi.protocol.SimpleTextInput.Key.State	os.uefi.protocol.simple_text_input_ex.SimpleTextInputEx.Key.State
std.os.uefi.protocol.SimpleTextInputEx.Key.State	os.uefi.protocol.simple_text_input_ex.SimpleTextInputEx.Key.State
std.os.windows.REG.LoadOptions	os.windows.REG.LoadOptions
std.zig.system.windows.REG.LoadOptions	os.windows.REG.LoadOptions
std.os.windows.REG.OpenOptions	os.windows.REG.OpenOptions
std.zig.system.windows.REG.OpenOptions	os.windows.REG.OpenOptions
std.os.windows.REG.ValueType	os.windows.REG.ValueType
std.zig.system.windows.REG.ValueType	os.windows.REG.ValueType
std.process.Environ.Block	process.Environ.PosixBlock
std.process.Environ.PosixBlock	process.Environ.PosixBlock
std.process.Environ.Block.View	process.Environ.PosixBlock.View
std.process.Environ.PosixBlock.View	process.Environ.PosixBlock.View
std.tar.ExtractOptions	tar.ExtractOptions
std.tar.PipeOptions	tar.ExtractOptions
std.tar.ExtractOptions.ModeMode	tar.ExtractOptions.ModeMode
std.tar.PipeOptions.ModeMode	tar.ExtractOptions.ModeMode
std.Tz	tz.Tz
std.tz.Tz	tz.Tz
std.Target.SubSystem	zig.Subsystem
std.zig.Subsystem	zig.Subsystem
std.zig.llvm.Builder.AddrSpace.x86	zig.llvm.Builder.AddrSpace.x86
std.zig.llvm.Builder.AddrSpace.x86_64	zig.llvm.Builder.AddrSpace.x86
std.zig.llvm.Builder.Constant.Cast.Signedness	zig.llvm.Builder.Constant.Cast.Signedness
std.zig.llvm.Builder.Function.Instruction.Cast.Signedness	zig.llvm.Builder.Constant.Cast.Signedness
std.zig.llvm.Builder.Constant.GetElementPtr.Kind	zig.llvm.Builder.Constant.GetElementPtr.Kind
std.zig.llvm.Builder.Function.Instruction.GetElementPtr.Kind	zig.llvm.Builder.Constant.GetElementPtr.Kind
std.zig.llvm.Builder.Function.Instruction	zig.llvm.Builder.Function.Instruction
std.zig.llvm.Builder.WipFunction.Instruction	zig.llvm.Builder.Function.Instruction
std.zig.llvm.Builder.Function.Instruction.Alloca	zig.llvm.Builder.Function.Instruction.Alloca
std.zig.llvm.Builder.WipFunction.Instruction.Alloca	zig.llvm.Builder.Function.Instruction.Alloca
std.zig.llvm.Builder.Function.Instruction.AtomicRmw	zig.llvm.Builder.Function.Instruction.AtomicRmw
std.zig.llvm.Builder.WipFunction.Instruction.AtomicRmw	zig.llvm.Builder.Function.Instruction.AtomicRmw
std.zig.llvm.Builder.Function.Instruction.Binary	zig.llvm.Builder.Function.Instruction.Binary
std.zig.llvm.Builder.WipFunction.Instruction.Binary	zig.llvm.Builder.Function.Instruction.Binary
std.zig.llvm.Builder.Function.Instruction.BrCond	zig.llvm.Builder.Function.Instruction.BrCond
std.zig.llvm.Builder.WipFunction.Instruction.BrCond	zig.llvm.Builder.Function.Instruction.BrCond
std.zig.llvm.Builder.Function.Instruction.Call	zig.llvm.Builder.Function.Instruction.Call
std.zig.llvm.Builder.WipFunction.Instruction.Call	zig.llvm.Builder.Function.Instruction.Call
std.zig.llvm.Builder.Function.Instruction.Cast	zig.llvm.Builder.Function.Instruction.Cast
std.zig.llvm.Builder.WipFunction.Instruction.Cast	zig.llvm.Builder.Function.Instruction.Cast
std.zig.llvm.Builder.Function.Instruction.CmpXchg	zig.llvm.Builder.Function.Instruction.CmpXchg
std.zig.llvm.Builder.WipFunction.Instruction.CmpXchg	zig.llvm.Builder.Function.Instruction.CmpXchg
std.zig.llvm.Builder.Function.Instruction.ExtractElement	zig.llvm.Builder.Function.Instruction.ExtractElement
std.zig.llvm.Builder.WipFunction.Instruction.ExtractElement	zig.llvm.Builder.Function.Instruction.ExtractElement
std.zig.llvm.Builder.Function.Instruction.ExtractValue	zig.llvm.Builder.Function.Instruction.ExtractValue
std.zig.llvm.Builder.WipFunction.Instruction.ExtractValue	zig.llvm.Builder.Function.Instruction.ExtractValue
std.zig.llvm.Builder.Function.Instruction.GetElementPtr	zig.llvm.Builder.Function.Instruction.GetElementPtr
std.zig.llvm.Builder.WipFunction.Instruction.GetElementPtr	zig.llvm.Builder.Function.Instruction.GetElementPtr
std.zig.llvm.Builder.Function.Instruction.Index	zig.llvm.Builder.Function.Instruction.Index
std.zig.llvm.Builder.WipFunction.Instruction.Index	zig.llvm.Builder.Function.Instruction.Index
std.zig.llvm.Builder.Function.Instruction.IndirectBr	zig.llvm.Builder.Function.Instruction.IndirectBr
std.zig.llvm.Builder.WipFunction.Instruction.IndirectBr	zig.llvm.Builder.Function.Instruction.IndirectBr
std.zig.llvm.Builder.Function.Instruction.InsertElement	zig.llvm.Builder.Function.Instruction.InsertElement
std.zig.llvm.Builder.WipFunction.Instruction.InsertElement	zig.llvm.Builder.Function.Instruction.InsertElement
std.zig.llvm.Builder.Function.Instruction.InsertValue	zig.llvm.Builder.Function.Instruction.InsertValue
std.zig.llvm.Builder.WipFunction.Instruction.InsertValue	zig.llvm.Builder.Function.Instruction.InsertValue
std.zig.llvm.Builder.Function.Instruction.Load	zig.llvm.Builder.Function.Instruction.Load
std.zig.llvm.Builder.WipFunction.Instruction.Load	zig.llvm.Builder.Function.Instruction.Load
std.zig.llvm.Builder.Function.Instruction.Phi	zig.llvm.Builder.Function.Instruction.Phi
std.zig.llvm.Builder.WipFunction.Instruction.Phi	zig.llvm.Builder.Function.Instruction.Phi
std.zig.llvm.Builder.Function.Instruction.Select	zig.llvm.Builder.Function.Instruction.Select
std.zig.llvm.Builder.WipFunction.Instruction.Select	zig.llvm.Builder.Function.Instruction.Select
std.zig.llvm.Builder.Function.Instruction.ShuffleVector	zig.llvm.Builder.Function.Instruction.ShuffleVector
std.zig.llvm.Builder.WipFunction.Instruction.ShuffleVector	zig.llvm.Builder.Function.Instruction.ShuffleVector
std.zig.llvm.Builder.Function.Instruction.Store	zig.llvm.Builder.Function.Instruction.Store
std.zig.llvm.Builder.WipFunction.Instruction.Store	zig.llvm.Builder.Function.Instruction.Store
std.zig.llvm.Builder.Function.Instruction.Switch	zig.llvm.Builder.Function.Instruction.Switch
std.zig.llvm.Builder.WipFunction.Instruction.Switch	zig.llvm.Builder.Function.Instruction.Switch
std.zig.llvm.Builder.Function.Instruction.Tag	zig.llvm.Builder.Function.Instruction.Tag
std.zig.llvm.Builder.WipFunction.Instruction.Tag	zig.llvm.Builder.Function.Instruction.Tag
std.zig.llvm.Builder.Function.Instruction.VaArg	zig.llvm.Builder.Function.Instruction.VaArg
std.zig.llvm.Builder.WipFunction.Instruction.VaArg	zig.llvm.Builder.Function.Instruction.VaArg
std.zig.ParsedCharLiteral	zig.string_literal.ParsedCharLiteral
std.zig.string_literal.ParsedCharLiteral	zig.string_literal.ParsedCharLiteral
