path	line	span	depth	kind	n_children
std	2	16631	0	ns	91
std.BitStack	5	10	1	ns	9
std.Build	15	632	1	ns	98
std.Build.Cache	16	105	2	ns	18
std.Build.Cache.Path	17	31	3	ns	27
std.Build.Cache.Path.TableAdapter	44	4	4	struct	3
std.Build.Cache.Directory	48	8	3	ns	7
std.Build.Cache.DepTokenizer	56	7	3	ns	2
std.Build.Cache.DepTokenizer.Token	58	5	4	union	4
std.Build.Cache.File	73	6	3	struct	4
std.Build.Cache.File.Stat	74	2	4	struct	1
std.Build.Cache.HashHelper	79	11	3	struct	10
std.Build.Cache.Lock	91	2	3	struct	1
std.Build.Cache.Manifest	93	28	3	struct	24
std.Build.Cache.Manifest.Diagnostic	94	2	4	union	1
std.Build.Cache.Manifest.FilesContext	97	3	4	struct	2
std.Build.Step	121	274	2	ns	51
std.Build.Step.TestResults	122	3	3	struct	2
std.Build.Step.Id	128	2	3	enum	1
std.Build.Step.CheckFile	130	5	3	ns	4
std.Build.Step.CheckObject	135	24	3	ns	23
std.Build.Step.ConfigHeader	159	12	3	ns	10
std.Build.Step.ConfigHeader.Style	160	2	4	union	1
std.Build.Step.Fail	171	3	3	ns	2
std.Build.Step.Fmt	174	4	3	ns	3
std.Build.Step.InstallArtifact	178	5	3	ns	3
std.Build.Step.InstallArtifact.Options	180	2	4	struct	1
std.Build.Step.InstallDir	183	4	3	ns	3
std.Build.Step.InstallFile	187	3	3	ns	2
std.Build.Step.ObjCopy	190	12	3	ns	11
std.Build.Step.Compile	202	54	3	ns	44
std.Build.Step.Compile.Kind	207	2	4	enum	1
std.Build.Step.Compile.HeaderInstallation	209	9	4	union	4
std.Build.Step.Compile.HeaderInstallation.File	210	2	5	struct	1
std.Build.Step.Compile.HeaderInstallation.Directory	212	4	5	struct	2
std.Build.Step.Compile.HeaderInstallation.Directory.Options	213	2	6	struct	1
std.Build.Step.Options	256	7	3	ns	6
std.Build.Step.Run	263	54	3	ns	49
std.Build.Step.Run.StdIo	267	2	4	union	1
std.Build.Step.Run.CapturedStdIo	274	3	4	struct	2
std.Build.Step.Run.CachedTestMetadata	315	2	4	struct	1
std.Build.Step.TranslateC	317	18	3	ns	17
std.Build.Step.WriteFile	335	14	3	ns	10
std.Build.Step.WriteFile.Directory	339	4	4	struct	1
std.Build.Step.WriteFile.Directory.Options	340	3	5	struct	2
std.Build.Step.UpdateSourceFiles	349	7	3	ns	6
std.Build.Step.Inputs	356	6	3	struct	5
std.Build.Step.ZigProcess	371	4	3	struct	3
std.Build.Module	395	48	2	ns	41
std.Build.Module.SystemLib	398	3	3	struct	2
std.Build.Module.CSourceLanguage	401	2	3	enum	1
std.Build.Module.CSourceFile	404	2	3	struct	1
std.Build.Module.RcSourceFile	406	2	3	struct	1
std.Build.Module.IncludeDir	408	2	3	union	1
std.Build.Watch	443	13	2	ns	7
std.Build.Watch.Match	446	4	3	struct	1
std.Build.Watch.Match.Context	447	3	4	struct	2
std.Build.Watch.Timeout	451	3	3	union	2
std.Build.Fuzz	456	11	2	ns	8
std.Build.Fuzz.Mode	457	2	3	union	1
std.Build.Fuzz.Previous	463	2	3	struct	1
std.Build.WebServer	467	18	2	ns	17
std.Build.abi	485	51	2	ns	9
std.Build.abi.Hello	489	2	3	struct	1
std.Build.abi.StepUpdate	492	2	3	struct	1
std.Build.abi.fuzz	495	34	3	struct	13
std.Build.abi.fuzz.Uid	497	4	4	struct	1
std.Build.abi.fuzz.Uid.hashmap_ctx	498	3	5	struct	2
std.Build.abi.fuzz.Slice	501	3	4	struct	2
std.Build.abi.fuzz.MutSlice	504	3	4	struct	2
std.Build.abi.fuzz.Weights	507	3	4	struct	2
std.Build.abi.fuzz.Weight	510	4	4	struct	3
std.Build.abi.fuzz.SeenPcsHeader	515	6	4	struct	5
std.Build.abi.fuzz.CoverageUpdateHeader	523	2	4	struct	1
std.Build.abi.fuzz.EntryPointHeader	525	3	4	struct	2
std.Build.abi.time_report	529	7	3	struct	3
std.Build.abi.time_report.CompileResult	531	4	4	struct	2
std.Build.abi.time_report.CompileResult.Stats	533	2	5	struct	1
std.Build.Dependency	611	6	2	struct	5
std.Build.GeneratedFile	622	4	2	struct	3
std.Build.LazyPath	626	12	2	union	11
std.Build.InstallDir	639	2	2	union	1
std.BufMap	647	11	1	ns	1
std.BufMap.BufMap	648	10	2	struct	9
std.BufSet	658	13	1	ns	1
std.BufSet.BufSet	659	12	2	struct	11
std.Deque	673	2	1	ns	1
std.DoublyLinkedList	675	11	1	ns	10
std.DynLib	686	27	1	ns	5
std.DynLib.DynLib	687	6	2	struct	5
std.DynLib.ElfDynLib	695	11	2	struct	8
std.DynLib.ElfDynLib.GnuHashSection32	701	2	3	struct	1
std.DynLib.ElfDynLib.GnuHashSection64	703	2	3	struct	1
std.DynLib.DlDynLib	706	7	2	struct	6
std.Io	720	1044	1	ns	166
std.Io.Threaded	721	81	2	ns	69
std.Io.Threaded.Csprng	722	4	3	struct	3
std.Io.Threaded.Environ	727	6	3	struct	5
std.Io.Threaded.WindowsPathSpace	764	3	3	struct	2
std.Io.Threaded.CreatePipeOptions	786	2	3	struct	1
std.Io.fiber	802	5	2	ns	4
std.Io.Dispatch	808	6	2	ns	5
std.Io.Kqueue	814	10	2	ns	9
std.Io.Uring	824	11	2	ns	10
std.Io.Reader	835	92	2	ns	90
std.Io.Reader.Limited	836	2	3	ns	1
std.Io.Writer	927	111	2	ns	88
std.Io.Writer.Discarding	1004	5	3	struct	4
std.Io.Writer.Allocating	1019	19	3	struct	18
std.Io.net	1038	151	2	ns	18
std.Io.net.HostName	1039	27	3	ns	18
std.Io.net.HostName.DnsResponse	1053	5	4	struct	4
std.Io.net.HostName.ResolvConf	1061	5	4	struct	4
std.Io.net.IpAddress	1069	24	3	union	23
std.Io.net.Ip4Address	1093	9	3	struct	8
std.Io.net.Ip6Address	1102	24	3	struct	20
std.Io.net.Ip6Address.Unresolved	1108	4	4	struct	3
std.Io.net.UnixAddress	1126	10	3	struct	9
std.Io.net.IncomingMessage	1137	3	3	struct	2
std.Io.net.Interface	1144	12	3	struct	5
std.Io.net.Interface.Name	1146	7	4	struct	6
std.Io.net.Socket	1156	16	3	struct	15
std.Io.net.Stream	1172	12	3	struct	6
std.Io.net.Stream.Reader	1175	3	4	struct	2
std.Io.net.Stream.Writer	1178	4	4	struct	3
std.Io.net.Server	1184	5	3	struct	4
std.Io.Dir	1189	139	2	ns	114
std.Io.Dir.Reader	1196	8	3	struct	7
std.Io.Dir.Iterator	1204	5	3	struct	4
std.Io.Dir.SelectiveWalker	1211	6	3	struct	5
std.Io.Dir.Walker	1218	6	3	struct	4
std.Io.Dir.Walker.Entry	1219	2	4	struct	1
std.Io.Dir.OpenFileOptions	1236	4	3	struct	3
std.Io.File	1328	140	2	ns	74
std.Io.File.Reader	1331	17	3	ns	14
std.Io.File.Reader.Mode	1335	3	4	enum	2
std.Io.File.Writer	1348	18	3	ns	17
std.Io.File.Atomic	1366	7	3	ns	6
std.Io.File.MemoryMap	1373	10	3	ns	9
std.Io.File.MultiReader	1383	17	3	ns	14
std.Io.File.MultiReader.Streams	1387	3	4	struct	2
std.Io.File.SetTimestamp	1436	2	3	union	1
std.Io.Terminal	1468	7	2	ns	4
std.Io.Terminal.Mode	1470	3	3	union	2
std.Io.RwLock	1475	10	2	ns	9
std.Io.Semaphore	1485	4	2	ns	3
std.Io.Operation	1490	26	2	union	9
std.Io.Operation.FileReadStreaming	1492	4	3	struct	3
std.Io.Operation.FileWriteStreaming	1496	3	3	struct	2
std.Io.Operation.NetReceive	1500	3	3	struct	2
std.Io.Operation.Storage	1504	5	3	union	3
std.Io.Operation.Storage.Pending	1506	2	4	struct	1
std.Io.Operation.OptionalIndex	1509	3	3	enum	2
std.Io.Operation.List	1512	4	3	struct	3
std.Io.Batch	1519	10	2	struct	9
std.Io.Limit	1529	14	2	enum	13
std.Io.Clock	1545	17	2	enum	5
std.Io.Clock.Timestamp	1549	11	3	struct	10
std.Io.Clock.Duration	1560	2	3	struct	1
std.Io.Timestamp	1562	14	2	struct	13
std.Io.Duration	1576	12	2	struct	11
std.Io.Timeout	1588	6	2	union	5
std.Io.Group	1596	6	2	struct	5
std.Io.Mutex	1611	7	2	struct	6
std.Io.Condition	1618	6	2	struct	5
std.Io.Event	1624	8	2	enum	7
std.Io.TypeErasedQueue	1633	7	2	struct	6
std.Io.LockedStderr	1645	3	2	struct	2
std.MultiArrayList	1764	2	1	ns	1
std.PriorityQueue	1766	2	1	ns	1
std.PriorityDequeue	1768	2	1	ns	1
std.Progress	1770	35	1	ns	12
std.Progress.Ipc	1772	4	2	struct	3
std.Progress.TerminalMode	1776	2	2	union	1
std.Progress.Node	1779	19	2	struct	16
std.Progress.Node.OptionalIndex	1782	2	3	enum	1
std.Progress.Node.Index	1784	2	3	enum	1
std.Random	1805	92	1	ns	36
std.Random.Ascon	1808	6	2	ns	5
std.Random.ChaCha	1814	6	2	ns	5
std.Random.Isaac64	1820	4	2	ns	3
std.Random.Pcg	1824	4	2	ns	3
std.Random.Xoroshiro128	1828	7	2	ns	6
std.Random.Xoshiro256	1835	7	2	ns	6
std.Random.Sfc64	1842	4	2	ns	3
std.Random.RomuTrio	1846	6	2	ns	5
std.Random.SplitMix64	1852	3	2	ns	2
std.Random.ziggurat	1855	16	2	ns	15
std.Random.lcg	1871	2	2	ns	1
std.Random.IoSource	1873	2	2	struct	1
std.SemanticVersion	1897	7	1	ns	4
std.SemanticVersion.Range	1898	3	2	struct	2
std.SinglyLinkedList	1904	11	1	ns	5
std.SinglyLinkedList.Node	1905	6	2	struct	5
std.Target	1918	1599	1	ns	77
std.Target.Query	1919	25	2	ns	20
std.Target.Query.CpuModel	1920	2	3	union	1
std.Target.Query.OsVersion	1922	3	3	union	2
std.Target.Query.ParseOptions	1927	2	3	struct	1
std.Target.Os	1944	31	2	struct	8
std.Target.Os.Tag	1945	9	3	enum	8
std.Target.Os.WindowsVersion	1954	9	3	enum	6
std.Target.Os.WindowsVersion.Range	1958	3	4	struct	2
std.Target.Os.HurdVersionRange	1963	3	3	struct	2
std.Target.Os.LinuxVersionRange	1966	3	3	struct	2
std.Target.Os.VersionRange	1969	2	3	union	1
std.Target.Os.TaggedVersionRange	1971	2	3	union	1
std.Target.aarch64	1975	103	2	ns	7
std.Target.aarch64.cpu	1982	96	3	struct	95
std.Target.alpha	2078	15	2	ns	7
std.Target.alpha.cpu	2085	8	3	struct	7
std.Target.amdgcn	2093	80	2	ns	7
std.Target.amdgcn.cpu	2100	73	3	struct	72
std.Target.arc	2173	9	2	ns	7
std.Target.arc.cpu	2180	2	3	struct	1
std.Target.arm	2182	106	2	ns	7
std.Target.arm.cpu	2189	99	3	struct	98
std.Target.avr	2288	388	2	ns	7
std.Target.avr.cpu	2295	381	3	struct	380
std.Target.bpf	2676	14	2	ns	7
std.Target.bpf.cpu	2683	7	3	struct	6
std.Target.csky	2690	160	2	ns	7
std.Target.csky.cpu	2697	153	3	struct	152
std.Target.hexagon	2850	24	2	ns	7
std.Target.hexagon.cpu	2857	17	3	struct	16
std.Target.hppa	2874	25	2	ns	7
std.Target.hppa.cpu	2881	18	3	struct	17
std.Target.kalimba	2899	9	2	ns	7
std.Target.kalimba.cpu	2906	2	3	struct	1
std.Target.kvx	2908	10	2	ns	7
std.Target.kvx.cpu	2915	3	3	struct	2
std.Target.lanai	2918	10	2	ns	7
std.Target.lanai.cpu	2925	3	3	struct	2
std.Target.loongarch	2928	14	2	ns	7
std.Target.loongarch.cpu	2935	7	3	struct	6
std.Target.m68k	2942	15	2	ns	7
std.Target.m68k.cpu	2949	8	3	struct	7
std.Target.mips	2958	30	2	ns	7
std.Target.mips.cpu	2965	23	3	struct	22
std.Target.msp430	2988	11	2	ns	7
std.Target.msp430.cpu	2995	4	3	struct	3
std.Target.nvptx	2999	44	2	ns	7
std.Target.nvptx.cpu	3006	37	3	struct	36
std.Target.powerpc	3044	46	2	ns	7
std.Target.powerpc.cpu	3051	39	3	struct	38
std.Target.propeller	3090	10	2	ns	7
std.Target.propeller.cpu	3097	3	3	struct	2
std.Target.riscv	3100	61	2	ns	7
std.Target.riscv.cpu	3107	54	3	struct	53
std.Target.s390x	3161	25	2	ns	7
std.Target.s390x.cpu	3168	18	3	struct	17
std.Target.sparc	3187	48	2	ns	7
std.Target.sparc.cpu	3194	41	3	struct	40
std.Target.spirv	3235	11	2	ns	7
std.Target.spirv.cpu	3242	4	3	struct	3
std.Target.ve	3246	9	2	ns	7
std.Target.ve.cpu	3253	2	3	struct	1
std.Target.wasm	3255	12	2	ns	7
std.Target.wasm.cpu	3262	5	3	struct	4
std.Target.x86	3267	108	2	ns	7
std.Target.x86.cpu	3274	101	3	struct	100
std.Target.xcore	3375	10	2	ns	7
std.Target.xcore.cpu	3382	3	3	struct	2
std.Target.xtensa	3385	9	2	ns	7
std.Target.xtensa.cpu	3392	2	3	struct	1
std.Target.Abi	3394	8	2	enum	7
std.Target.ObjectFormat	3402	3	2	enum	2
std.Target.Cpu	3408	62	2	struct	7
std.Target.Cpu.Feature	3409	20	3	struct	2
std.Target.Cpu.Feature.Set	3410	18	4	struct	17
std.Target.Cpu.Arch	3429	33	3	enum	32
std.Target.Cpu.Model	3462	4	3	struct	3
std.Target.DynamicLinker	3491	11	2	struct	10
std.Thread	3517	22	1	ns	20
std.Thread.SpawnConfig	3528	2	2	struct	1
std.Treap	3539	2	1	ns	1
std.Uri	3542	33	1	ns	16
std.Uri.Component	3547	14	2	union	13
std.Uri.Format	3567	4	2	struct	2
std.Uri.Format.Flags	3568	2	3	struct	1
std.array_list	3579	4	1	ns	3
std.array_hash_map	3586	17	1	ns	14
std.array_hash_map.StringContext	3589	3	2	struct	2
std.atomic	3603	8	1	ns	5
std.atomic.Mutex	3608	3	2	enum	2
std.base64	3611	23	1	ns	11
std.base64.Base64Encoder	3620	5	2	struct	4
std.base64.Base64Decoder	3625	5	2	struct	4
std.base64.Base64DecoderWithIgnore	3630	4	2	struct	3
std.bit_set	3634	64	1	ns	7
std.bit_set.DynamicBitSetUnmanaged	3638	30	2	struct	29
std.bit_set.DynamicBitSet	3668	26	2	struct	25
std.bit_set.IteratorOptions	3694	3	2	struct	2
std.builtin	3698	102	1	ns	40
std.builtin.assembly	3699	2	2	ns	1
std.builtin.CallingConvention	3709	22	2	union	15
std.builtin.CallingConvention.ArcInterruptOptions	3716	2	3	struct	1
std.builtin.CallingConvention.ArmInterruptOptions	3718	2	3	struct	1
std.builtin.CallingConvention.MicroblazeInterruptOptions	3720	2	3	struct	1
std.builtin.CallingConvention.MipsInterruptOptions	3722	2	3	struct	1
std.builtin.CallingConvention.RiscvInterruptOptions	3724	2	3	struct	1
std.builtin.CallingConvention.ShInterruptOptions	3726	2	3	struct	1
std.builtin.Type	3734	33	2	union	21
std.builtin.Type.Pointer	3737	4	3	struct	3
std.builtin.Type.Array	3741	2	3	struct	1
std.builtin.Type.StructField	3744	3	3	struct	2
std.builtin.Type.Enum	3753	2	3	struct	1
std.builtin.Type.UnionField	3755	2	3	struct	1
std.builtin.Type.Fn	3758	4	3	struct	2
std.builtin.Type.Fn.Param	3759	2	4	struct	1
std.builtin.Endian	3768	3	2	enum	2
std.builtin.PrefetchOptions	3787	3	2	struct	2
std.builtin.ExternOptions	3791	4	2	struct	2
std.builtin.ExternOptions.Decoration	3792	2	3	union	1
std.c	3800	593	1	ns	592
std.coff	4393	109	1	ns	40
std.coff.Header	4394	2	2	struct	1
std.coff.OptionalHeader	4400	4	2	struct	3
std.coff.ImportLookupEntry32	4412	5	2	struct	4
std.coff.ImportLookupEntry64	4417	5	2	struct	4
std.coff.SectionHeader	4423	11	2	struct	7
std.coff.SectionHeader.Flags	4430	4	3	struct	1
std.coff.SectionHeader.Flags.Align	4431	3	4	enum	2
std.coff.Symbol	4434	4	2	struct	3
std.coff.FileDefinition	4445	2	2	struct	1
std.coff.WeakExternalDefinition	4447	2	2	struct	1
std.coff.Coff	4453	19	2	struct	18
std.coff.Symtab	4472	8	2	struct	6
std.coff.Symtab.Slice	4477	2	3	struct	1
std.coff.Strtab	4480	2	2	struct	1
std.coff.IMAGE	4486	16	2	struct	3
std.coff.IMAGE.DIRECTORY_ENTRY	4487	2	3	enum	1
std.coff.IMAGE.FILE	4489	3	3	struct	1
std.coff.IMAGE.FILE.MACHINE	4490	2	4	enum	1
std.coff.IMAGE.REL	4492	10	3	struct	9
std.compress	4502	197	1	ns	5
std.compress.flate	4503	47	2	ns	5
std.compress.flate.Compress	4506	22	3	ns	7
std.compress.flate.Compress.Options	4507	13	4	struct	12
std.compress.flate.Compress.Raw	4524	2	4	struct	1
std.compress.flate.Compress.Huffman	4526	2	4	struct	1
std.compress.flate.Decompress	4528	7	3	ns	6
std.compress.flate.Container	4535	15	3	enum	8
std.compress.flate.Container.Hasher	4542	5	4	union	4
std.compress.flate.Container.Metadata	4547	3	4	union	2
std.compress.lzma	4550	42	2	ns	3
std.compress.lzma.RangeDecoder	4551	7	3	struct	6
std.compress.lzma.Decode	4558	28	3	struct	12
std.compress.lzma.Decode.CircularBuffer	4563	10	4	struct	9
std.compress.lzma.Decode.LenDecoder	4574	3	4	struct	2
std.compress.lzma.Decode.Vec2d	4577	4	4	struct	3
std.compress.lzma.Decode.Params	4584	2	4	struct	1
std.compress.lzma.Decompress	4586	6	3	struct	5
std.compress.lzma2	4592	15	2	ns	2
std.compress.lzma2.AccumBuffer	4593	10	3	struct	9
std.compress.lzma2.Decode	4603	4	3	struct	3
std.compress.xz	4607	9	2	ns	1
std.compress.xz.Decompress	4608	8	3	ns	7
std.compress.zstd	4616	83	2	ns	15
std.compress.zstd.Decompress	4617	56	3	ns	7
std.compress.zstd.Decompress.Frame	4621	24	4	struct	5
std.compress.zstd.Decompress.Frame.Magic	4622	3	5	enum	2
std.compress.zstd.Decompress.Frame.Zstandard	4626	14	5	struct	4
std.compress.zstd.Decompress.Frame.Zstandard.Header	4628	5	6	struct	4
std.compress.zstd.Decompress.Frame.Zstandard.Block	4633	3	6	struct	2
std.compress.zstd.Decompress.Frame.Zstandard.Decode	4636	4	6	struct	3
std.compress.zstd.Decompress.Frame.Skippable	4640	4	5	struct	3
std.compress.zstd.Decompress.LiteralsSection	4645	16	4	struct	8
std.compress.zstd.Decompress.LiteralsSection.Header	4647	2	5	struct	1
std.compress.zstd.Decompress.LiteralsSection.HuffmanTree	4650	7	5	struct	6
std.compress.zstd.Decompress.SequencesSection	4661	5	4	struct	1
std.compress.zstd.Decompress.SequencesSection.Header	4662	4	5	struct	3
std.compress.zstd.Decompress.Table	4666	7	4	union	6
std.compress.zstd.table_accuracy_log_max	4683	4	3	struct	3
std.compress.zstd.table_symbol_count_max	4687	4	3	struct	3
std.compress.zstd.default_accuracy_log	4691	4	3	struct	3
std.compress.zstd.table_size_max	4695	4	3	struct	3
std.static_string_map	4699	5	1	ns	4
std.crypto	4704	1057	1	ns	22
std.crypto.timing_safe	4705	7	2	ns	6
std.crypto.aead	4712	140	2	struct	10
std.crypto.aead.aegis	4713	13	3	struct	12
std.crypto.aead.aes_gcm	4726	5	3	struct	2
std.crypto.aead.aes_gcm.Aes128Gcm	4727	3	4	ns	2
std.crypto.aead.aes_gcm_siv	4731	5	3	struct	2
std.crypto.aead.aes_gcm_siv.Aes128GcmSiv	4732	3	4	ns	2
std.crypto.aead.aes_siv	4736	5	3	struct	2
std.crypto.aead.aes_siv.Aes128Siv	4737	3	4	ns	2
std.crypto.aead.aes_ocb	4741	5	3	struct	2
std.crypto.aead.aes_ocb.Aes128Ocb	4742	3	4	ns	2
std.crypto.aead.aes_ccm	4746	7	3	ns	6
std.crypto.aead.ascon	4753	33	3	struct	1
std.crypto.aead.ascon.AsconAead128	4754	32	4	ns	5
std.crypto.aead.ascon.AsconAead128.AsconAead128	4756	7	5	struct	6
std.crypto.aead.ascon.AsconAead128.AsconHash256	4763	8	5	struct	7
std.crypto.aead.ascon.AsconAead128.AsconXof128	4771	7	5	struct	6
std.crypto.aead.ascon.AsconAead128.AsconCxof128	4778	8	5	struct	7
std.crypto.aead.chacha_poly	4786	22	3	struct	6
std.crypto.aead.chacha_poly.ChaCha20Poly1305	4787	16	4	ns	15
std.crypto.aead.isap	4808	7	3	ns	1
std.crypto.aead.isap.IsapA128A	4809	6	4	struct	5
std.crypto.aead.salsa_poly	4815	37	3	struct	1
std.crypto.aead.salsa_poly.XSalsa20Poly1305	4816	36	4	ns	8
std.crypto.aead.salsa_poly.XSalsa20Poly1305.XSalsa20Poly1305	4821	6	5	struct	5
std.crypto.aead.salsa_poly.XSalsa20Poly1305.SecretBox	4827	6	5	struct	5
std.crypto.aead.salsa_poly.XSalsa20Poly1305.Box	4833	11	5	struct	10
std.crypto.aead.salsa_poly.XSalsa20Poly1305.SealedBox	4844	8	5	struct	7
std.crypto.auth	4852	32	2	struct	5
std.crypto.auth.hmac	4853	9	3	ns	4
std.crypto.auth.hmac.sha2	4856	5	4	struct	4
std.crypto.auth.siphash	4862	3	3	ns	2
std.crypto.auth.aegis	4865	13	3	struct	12
std.crypto.auth.cmac	4878	3	3	ns	2
std.crypto.auth.cbc_mac	4881	3	3	ns	2
std.crypto.core	4884	16	2	struct	4
std.crypto.core.aes	4885	8	3	ns	7
std.crypto.core.keccak	4893	3	3	ns	2
std.crypto.core.modes	4897	3	3	ns	2
std.crypto.dh	4900	87	2	struct	1
std.crypto.dh.X25519	4901	86	3	ns	1
std.crypto.dh.X25519.X25519	4902	85	4	struct	9
std.crypto.dh.X25519.X25519.Curve	4903	73	5	ns	1
std.crypto.dh.X25519.X25519.Curve.Curve25519	4904	72	6	struct	12
std.crypto.dh.X25519.X25519.Curve.Curve25519.Fe	4905	36	7	ns	1
std.crypto.dh.X25519.X25519.Curve.Curve25519.Fe.Fe	4906	35	8	struct	34
std.crypto.dh.X25519.X25519.Curve.Curve25519.scalar	4941	25	7	ns	15
std.crypto.dh.X25519.X25519.Curve.Curve25519.scalar.Scalar	4956	10	8	struct	9
std.crypto.dh.X25519.X25519.KeyPair	4980	4	5	struct	3
std.crypto.kem	4987	17	2	struct	3
std.crypto.kem.hybrid	4988	6	3	ns	5
std.crypto.kem.kyber_d00	4994	9	3	ns	2
std.crypto.kem.kyber_d00.d00	4995	4	4	struct	3
std.crypto.kem.kyber_d00.nist	4999	4	4	struct	3
std.crypto.ecc	5004	235	2	struct	6
std.crypto.ecc.Edwards25519	5006	27	3	ns	1
std.crypto.ecc.Edwards25519.Edwards25519	5007	26	4	struct	25
std.crypto.ecc.P256	5033	63	3	ns	2
std.crypto.ecc.P256.P256	5034	59	4	struct	24
std.crypto.ecc.P256.P256.Fe	5035	2	5	ns	1
std.crypto.ecc.P256.P256.scalar	5037	34	5	ns	13
std.crypto.ecc.P256.P256.scalar.Scalar	5050	21	6	struct	20
std.crypto.ecc.P256.AffineCoordinates	5093	3	4	struct	2
std.crypto.ecc.P384	5096	61	3	ns	2
std.crypto.ecc.P384.P384	5097	57	4	struct	24
std.crypto.ecc.P384.P384.Fe	5098	2	5	ns	1
std.crypto.ecc.P384.P384.scalar	5100	32	5	ns	12
std.crypto.ecc.P384.P384.scalar.Scalar	5112	20	6	struct	19
std.crypto.ecc.P384.AffineCoordinates	5154	3	4	struct	2
std.crypto.ecc.Ristretto255	5157	16	3	ns	1
std.crypto.ecc.Ristretto255.Ristretto255	5158	15	4	struct	14
std.crypto.ecc.Secp256k1	5173	66	3	ns	2
std.crypto.ecc.Secp256k1.Secp256k1	5174	62	4	struct	25
std.crypto.ecc.Secp256k1.Secp256k1.Fe	5175	2	5	ns	1
std.crypto.ecc.Secp256k1.Secp256k1.scalar	5177	34	5	ns	13
std.crypto.ecc.Secp256k1.Secp256k1.scalar.Scalar	5190	21	6	struct	20
std.crypto.ecc.Secp256k1.Secp256k1.Endormorphism	5214	3	5	struct	2
std.crypto.ecc.Secp256k1.AffineCoordinates	5236	3	4	struct	2
std.crypto.hash	5239	96	2	struct	8
std.crypto.hash.ascon	5240	4	3	struct	3
std.crypto.hash.blake2	5244	12	3	ns	11
std.crypto.hash.Blake3	5256	15	3	ns	1
std.crypto.hash.Blake3.Blake3	5257	14	4	struct	13
std.crypto.hash.Md5	5271	10	3	ns	1
std.crypto.hash.Md5.Md5	5272	9	4	struct	8
std.crypto.hash.Sha1	5281	10	3	ns	9
std.crypto.hash.sha2	5291	10	3	ns	9
std.crypto.hash.sha3	5301	29	3	ns	25
std.crypto.hash.sha3.NistLengthEncoding	5326	4	4	enum	2
std.crypto.hash.sha3.NistLengthEncoding.Length	5327	2	5	struct	1
std.crypto.hash.composition	5330	5	3	ns	4
std.crypto.kdf	5335	5	2	struct	1
std.crypto.kdf.hkdf	5336	4	3	ns	3
std.crypto.onetimeauth	5340	15	2	struct	3
std.crypto.onetimeauth.Ghash	5341	3	3	ns	2
std.crypto.onetimeauth.Poly1305	5345	10	3	ns	1
std.crypto.onetimeauth.Poly1305.Poly1305	5346	9	4	struct	8
std.crypto.pwhash	5355	56	2	struct	9
std.crypto.pwhash.argon2	5360	16	3	ns	7
std.crypto.pwhash.argon2.Params	5362	9	4	struct	8
std.crypto.pwhash.bcrypt	5376	14	3	ns	12
std.crypto.pwhash.bcrypt.Params	5380	2	4	struct	1
std.crypto.pwhash.scrypt	5390	13	3	ns	8
std.crypto.pwhash.scrypt.Params	5392	5	4	struct	4
std.crypto.pwhash.pbkdf2	5403	2	3	ns	1
std.crypto.pwhash.phc_format	5405	6	3	ns	5
std.crypto.sign	5411	62	2	struct	3
std.crypto.sign.Ed25519	5412	49	3	ns	1
std.crypto.sign.Ed25519.Ed25519	5413	48	4	struct	11
std.crypto.sign.Ed25519.Ed25519.SecretKey	5416	6	5	struct	5
std.crypto.sign.Ed25519.Ed25519.Signer	5422	3	5	struct	2
std.crypto.sign.Ed25519.Ed25519.PublicKey	5425	4	5	struct	3
std.crypto.sign.Ed25519.Ed25519.Verifier	5429	6	5	struct	5
std.crypto.sign.Ed25519.Ed25519.Signature	5435	8	5	struct	7
std.crypto.sign.Ed25519.Ed25519.KeyPair	5443	8	5	struct	7
std.crypto.sign.Ed25519.Ed25519.key_blinding	5453	8	5	struct	4
std.crypto.sign.Ed25519.Ed25519.key_blinding.BlindPublicKey	5456	2	6	struct	1
std.crypto.sign.Ed25519.Ed25519.key_blinding.BlindKeyPair	5458	3	6	struct	2
std.crypto.sign.ecdsa	5461	8	3	ns	7
std.crypto.sign.mldsa	5469	4	3	ns	3
std.crypto.stream	5473	16	2	struct	2
std.crypto.stream.chacha	5474	10	3	struct	9
std.crypto.stream.salsa	5484	5	3	struct	4
std.crypto.nacl	5489	4	2	struct	3
std.crypto.ff	5493	9	2	ns	8
std.crypto.codecs	5502	86	2	ns	3
std.crypto.codecs.asn1	5503	59	3	ns	10
std.crypto.codecs.asn1.der	5504	16	4	ns	4
std.crypto.codecs.asn1.der.Decoder	5505	5	5	ns	4
std.crypto.codecs.asn1.der.Encoder	5510	8	5	ns	7
std.crypto.codecs.asn1.Oid	5520	9	4	ns	8
std.crypto.codecs.asn1.Tag	5530	9	4	struct	8
std.crypto.codecs.asn1.Element	5539	6	4	struct	3
std.crypto.codecs.asn1.Element.Slice	5540	3	5	struct	2
std.crypto.codecs.asn1.ExpectedTag	5545	4	4	struct	3
std.crypto.codecs.asn1.FieldTag	5549	5	4	struct	4
std.crypto.codecs.asn1.BitString	5554	4	4	struct	3
std.crypto.codecs.asn1.Any	5559	3	4	struct	2
std.crypto.codecs.base64	5562	25	3	ns	3
std.crypto.codecs.base64.hex	5564	8	4	struct	4
std.crypto.codecs.base64.hex.DecoderWithIgnore	5567	4	5	struct	3
std.crypto.codecs.base64.base64	5572	15	4	struct	7
std.crypto.codecs.base64.base64.Variant	5573	5	5	struct	4
std.crypto.codecs.base64.base64.DecoderWithIgnore	5582	4	5	struct	3
std.crypto.errors	5588	15	2	ns	14
std.crypto.tls	5603	59	2	ns	32
std.crypto.tls.Client	5604	10	3	ns	8
std.crypto.tls.Client.Options	5608	2	4	struct	1
std.crypto.tls.Alert	5624	5	3	struct	2
std.crypto.tls.Alert.Description	5626	3	4	enum	2
std.crypto.tls.CipherSuite	5632	3	3	enum	2
std.crypto.tls.Decoder	5650	12	3	struct	11
std.crypto.Certificate	5662	96	2	ns	30
std.crypto.Certificate.Bundle	5663	20	3	ns	19
std.crypto.Certificate.Algorithm	5685	3	3	enum	2
std.crypto.Certificate.AlgorithmCategory	5688	2	3	enum	1
std.crypto.Certificate.Attribute	5690	2	3	enum	1
std.crypto.Certificate.NamedCurve	5692	3	3	enum	2
std.crypto.Certificate.ExtensionId	5695	2	3	enum	1
std.crypto.Certificate.Parsed	5698	16	3	struct	15
std.crypto.Certificate.der	5732	10	3	struct	5
std.crypto.Certificate.der.Element	5737	5	4	struct	3
std.crypto.Certificate.der.Element.Slice	5738	2	5	struct	1
std.crypto.Certificate.rsa	5742	16	3	struct	3
std.crypto.Certificate.rsa.PSSSignature	5743	5	4	struct	4
std.crypto.Certificate.rsa.PKCS1v1_5Signature	5748	5	4	struct	4
std.crypto.Certificate.rsa.PublicKey	5753	5	4	struct	4
std.debug	5761	276	1	ns	53
std.debug.Dwarf	5762	79	2	ns	30
std.debug.Dwarf.expression	5763	6	3	ns	5
std.debug.Dwarf.Unwind	5769	26	3	ns	11
std.debug.Dwarf.Unwind.VirtualMachine	5770	12	4	ns	10
std.debug.Dwarf.Unwind.VirtualMachine.Instruction	5780	2	5	union	1
std.debug.Dwarf.Unwind.EhFrameHeader	5786	3	4	struct	2
std.debug.Dwarf.Unwind.CommonInformationEntry	5789	2	4	struct	1
std.debug.Dwarf.SelfUnwinder	5795	11	3	ns	7
std.debug.Dwarf.SelfUnwinder.CacheEntry	5796	4	4	struct	3
std.debug.Dwarf.Section	5807	2	3	struct	1
std.debug.Dwarf.CompileUnit	5810	7	3	struct	1
std.debug.Dwarf.CompileUnit.SrcLocCache	5811	6	4	struct	3
std.debug.Dwarf.CompileUnit.SrcLocCache.LineEntry	5813	3	5	struct	2
std.debug.Dwarf.Die	5818	2	3	struct	1
std.debug.Pdb	5841	37	2	ns	21
std.debug.Pdb.Module	5842	2	3	struct	1
std.debug.Pdb.InlineSiteSymIterator	5850	2	3	struct	1
std.debug.Pdb.BinaryAnnotation	5852	14	3	union	7
std.debug.Pdb.BinaryAnnotation.RangeIterator	5854	5	4	struct	3
std.debug.Pdb.BinaryAnnotation.RangeIterator.Range	5856	2	5	struct	1
std.debug.Pdb.BinaryAnnotation.Iterator	5859	3	4	struct	2
std.debug.ElfFile	5878	10	2	ns	7
std.debug.ElfFile.DebugInfoSearchPaths	5881	3	3	struct	2
std.debug.MachOFile	5888	6	2	ns	5
std.debug.Info	5894	6	2	ns	5
std.debug.Coverage	5900	26	2	ns	10
std.debug.Coverage.String	5902	7	3	enum	2
std.debug.Coverage.String.MapContext	5903	3	4	struct	2
std.debug.Coverage.String.SliceAdapter	5906	3	4	struct	2
std.debug.Coverage.SourceLocation	5909	2	3	struct	1
std.debug.Coverage.File	5911	9	3	struct	3
std.debug.Coverage.File.MapContext	5913	3	4	struct	2
std.debug.Coverage.File.SliceAdapter	5916	4	4	struct	3
std.debug.cpu_context	5926	5	2	ns	4
std.debug.simple_panic	5933	27	2	ns	26
std.debug.no_panic	5960	27	2	ns	26
std.debug.SourceLocation	5988	2	2	struct	1
std.debug.Symbol	5990	2	2	struct	1
std.debug.FormatStackTrace	6013	2	2	struct	1
std.debug.SafetyLock	6030	6	2	struct	5
std.dwarf	6037	758	1	ns	18
std.dwarf.TAG	6038	94	2	ns	93
std.dwarf.AT	6132	204	2	ns	203
std.dwarf.OP	6336	193	2	ns	192
std.dwarf.LANG	6529	71	2	ns	70
std.dwarf.FORM	6600	48	2	ns	47
std.dwarf.ATE	6648	38	2	ns	37
std.dwarf.EH	6686	5	2	ns	1
std.dwarf.EH.PE	6687	4	3	struct	3
std.dwarf.LLE	6692	10	2	struct	9
std.dwarf.CFA	6702	33	2	struct	32
std.dwarf.CHILDREN	6735	3	2	struct	2
std.dwarf.LNS	6738	14	2	struct	13
std.dwarf.LNE	6752	9	2	struct	8
std.dwarf.UT	6761	9	2	struct	8
std.dwarf.LNCT	6770	9	2	struct	8
std.dwarf.RLE	6779	9	2	struct	8
std.dwarf.CC	6788	3	2	enum	2
std.dwarf.ACCESS	6791	4	2	struct	3
std.elf	6795	599	1	ns	473
std.elf.Versym	7018	3	2	struct	2
std.elf.PT	7106	13	2	enum	12
std.elf.SHT	7119	14	2	enum	13
std.elf.STB	7133	8	2	enum	7
std.elf.STT	7141	13	2	enum	12
std.elf.ET	7156	5	2	enum	4
std.elf.Header	7161	10	2	struct	9
std.elf.ProgramHeaderIterator	7171	2	2	struct	1
std.elf.ProgramHeaderBufferIterator	7173	2	2	struct	1
std.elf.SectionHeaderIterator	7176	2	2	struct	1
std.elf.SectionHeaderBufferIterator	7178	2	2	struct	1
std.elf.DynamicSectionIterator	7181	2	2	struct	1
std.elf.DynamicSectionBufferIterator	7183	2	2	struct	1
std.elf.EI	7186	8	2	struct	7
std.elf.Elf32	7207	14	2	struct	9
std.elf.Elf32.Sym	7214	3	3	struct	2
std.elf.Elf32.Rel	7217	2	3	struct	1
std.elf.Elf32.Rela	7219	2	3	struct	1
std.elf.Elf64	7221	14	2	struct	9
std.elf.Elf64.Sym	7228	3	3	struct	2
std.elf.Elf64.Rel	7231	2	3	struct	1
std.elf.Elf64.Rela	7233	2	3	struct	1
std.elf.Elf32_Sym	7254	3	2	struct	2
std.elf.Elf64_Sym	7257	3	2	struct	2
std.elf.Elf32_Rel	7262	3	2	struct	2
std.elf.Elf64_Rel	7265	3	2	struct	2
std.elf.Elf32_Rela	7268	3	2	struct	2
std.elf.Elf64_Rela	7271	3	2	struct	2
std.elf.CLASS	7312	3	2	enum	2
std.elf.DATA	7319	2	2	enum	1
std.elf.ar_hdr	7372	10	2	struct	9
std.elf.gnu_hash	7390	4	2	struct	3
std.enums	7394	15	1	ns	14
std.fmt	7409	64	1	ns	36
std.fmt.float	7410	14	2	ns	13
std.fmt.Options	7427	2	2	struct	1
std.fmt.Number	7429	3	2	struct	1
std.fmt.Number.Mode	7430	2	3	enum	1
std.fmt.Placeholder	7432	2	2	struct	1
std.fmt.Parser	7435	7	2	struct	6
std.fmt.ArgState	7443	3	2	struct	2
std.fmt.parseFloat	7455	3	2	ns	2
std.fs	7473	60	1	ns	6
std.fs.path	7474	54	2	ns	51
std.fs.path.PathType	7485	2	3	enum	1
std.fs.path.WindowsPath	7498	2	3	struct	1
std.gpu	7533	20	1	ns	17
std.gpu.ExecutionMode	7549	3	2	union	2
std.hash	7553	172	1	ns	23
std.hash.Adler32	7554	4	2	ns	3
std.hash.crc	7561	119	2	ns	118
std.hash.murmur	7686	22	2	ns	3
std.hash.murmur.Murmur2_32	7687	7	3	struct	6
std.hash.murmur.Murmur2_64	7694	7	3	struct	6
std.hash.murmur.Murmur3_32	7701	7	3	struct	6
std.hash.cityhash	7711	7	2	ns	2
std.hash.cityhash.CityHash32	7712	2	3	struct	1
std.hash.cityhash.CityHash64	7714	4	3	struct	3
std.hash_map	7725	22	1	ns	15
std.hash_map.StringContext	7733	3	2	struct	2
std.hash_map.StringIndexContext	7738	3	2	struct	2
std.hash_map.StringIndexAdapter	7741	3	2	struct	2
std.heap	7747	65	1	ns	29
std.heap.ArenaAllocator	7748	10	2	ns	7
std.heap.ArenaAllocator.State	7749	3	3	struct	2
std.heap.SmpAllocator	7758	2	2	ns	1
std.heap.FixedBufferAllocator	7760	12	2	ns	11
std.heap.PageAllocator	7772	5	2	ns	4
std.heap.BrkAllocator	7778	3	2	ns	2
std.heap.DebugAllocatorConfig	7781	3	2	ns	2
std.heap.memory_pool	7787	7	2	ns	6
std.http	7812	171	1	ns	15
std.http.Client	7813	77	2	ns	26
std.http.Client.ConnectionPool	7815	9	3	struct	8
std.http.Client.Protocol	7824	3	3	enum	2
std.http.Client.Connection	7827	9	3	struct	8
std.http.Client.Response	7836	9	3	struct	5
std.http.Client.Response.Head	7837	4	4	struct	3
std.http.Client.Request	7845	17	3	struct	12
std.http.Client.Request.Headers	7848	2	4	struct	1
std.http.Client.Request.RedirectBehavior	7850	4	4	enum	3
std.http.Client.basic_authorization	7865	8	3	struct	7
std.http.Client.FetchOptions	7885	2	3	struct	1
std.http.Server	7890	35	2	ns	5
std.http.Server.Request	7894	19	3	struct	16
std.http.Server.Request.Head	7896	3	4	struct	2
std.http.Server.WebSocket	7913	12	3	struct	11
std.http.HeadParser	7925	3	2	ns	2
std.http.ChunkParser	7928	4	2	ns	3
std.http.HeaderIterator	7932	3	2	ns	2
std.http.Method	7936	6	2	enum	5
std.http.Status	7942	4	2	enum	3
std.http.ContentEncoding	7947	3	2	enum	2
std.http.Reader	7952	10	2	struct	7
std.http.Reader.RemainingChunkLen	7953	3	3	enum	2
std.http.Decompress	7962	2	2	union	1
std.http.BodyWriter	7964	19	2	struct	17
std.http.BodyWriter.State	7966	2	3	union	1
std.json	7983	121	1	ns	30
std.json.ObjectMap	7984	9	2	ns	3
std.json.ObjectMap.Value	7987	6	3	union	5
std.json.ArrayHashMap	7995	2	2	ns	1
std.json.Scanner	7997	52	2	ns	31
std.json.Scanner.Diagnostics	8024	4	3	struct	3
std.json.Scanner.Reader	8030	18	3	struct	17
std.json.ParseOptions	8059	13	2	ns	12
std.json.Stringify	8083	19	2	ns	18
std.leb	8104	4	1	ns	3
std.log	8108	17	1	ns	15
std.log.Level	8109	2	2	enum	1
std.macho	8125	339	1	ns	312
std.macho.segment_command_64	8151	3	2	struct	2
std.macho.PROT	8154	6	2	struct	5
std.macho.section_64	8161	11	2	struct	10
std.macho.nlist_64	8173	2	2	struct	1
std.macho.LoadCommandIterator	8417	9	2	struct	3
std.macho.LoadCommandIterator.LoadCommand	8418	6	3	struct	5
std.math	8464	421	1	ns	140
std.math.isNan	8500	3	2	ns	2
std.math.frexp	8504	3	2	ns	2
std.math.modf	8508	3	2	ns	2
std.math.copysign	8512	2	2	ns	1
std.math.isFinite	8514	2	2	ns	1
std.math.isInf	8516	4	2	ns	3
std.math.isPositiveZero	8522	3	2	ns	2
std.math.isNormal	8526	2	2	ns	1
std.math.nextAfter	8528	2	2	ns	1
std.math.signbit	8530	2	2	ns	1
std.math.scalbn	8532	3	2	ns	1
std.math.scalbn.scalbn	8533	2	3	ns	1
std.math.pow	8536	2	2	ns	1
std.math.powi	8538	2	2	ns	1
std.math.sqrt	8540	3	2	ns	2
std.math.cbrt	8543	2	2	ns	1
std.math.acos	8545	2	2	ns	1
std.math.asin	8547	2	2	ns	1
std.math.atan	8549	2	2	ns	1
std.math.atan2	8551	2	2	ns	1
std.math.hypot	8553	2	2	ns	1
std.math.expm1	8555	2	2	ns	1
std.math.ilogb	8557	4	2	ns	3
std.math.log	8561	2	2	ns	1
std.math.log2	8563	2	2	ns	1
std.math.log10	8565	3	2	ns	2
std.math.log_int	8569	2	2	ns	1
std.math.log1p	8571	2	2	ns	1
std.math.asinh	8573	2	2	ns	1
std.math.acosh	8575	2	2	ns	1
std.math.atanh	8577	2	2	ns	1
std.math.sinh	8579	2	2	ns	1
std.math.cosh	8581	2	2	ns	1
std.math.tanh	8583	2	2	ns	1
std.math.gcd	8585	2	2	ns	1
std.math.lcm	8587	2	2	ns	1
std.math.gamma	8589	3	2	ns	2
std.math.complex	8600	42	2	ns	21
std.math.complex.abs	8601	2	3	ns	1
std.math.complex.acosh	8603	2	3	ns	1
std.math.complex.acos	8605	2	3	ns	1
std.math.complex.arg	8607	2	3	ns	1
std.math.complex.asinh	8609	2	3	ns	1
std.math.complex.asin	8611	2	3	ns	1
std.math.complex.atanh	8613	2	3	ns	1
std.math.complex.atan	8615	2	3	ns	1
std.math.complex.conj	8617	2	3	ns	1
std.math.complex.cosh	8619	2	3	ns	1
std.math.complex.cos	8621	2	3	ns	1
std.math.complex.exp	8623	2	3	ns	1
std.math.complex.log	8625	2	3	ns	1
std.math.complex.pow	8627	2	3	ns	1
std.math.complex.proj	8629	2	3	ns	1
std.math.complex.sinh	8631	2	3	ns	1
std.math.complex.sin	8633	2	3	ns	1
std.math.complex.sqrt	8635	2	3	ns	1
std.math.complex.tanh	8637	2	3	ns	1
std.math.complex.tan	8639	2	3	ns	1
std.math.big	8643	186	2	ns	7
std.math.big.int	8644	179	3	ns	20
std.math.big.int.Mutable	8661	53	4	struct	52
std.math.big.int.Const	8714	35	4	struct	34
std.math.big.int.Managed	8749	73	4	struct	72
std.math.Order	8871	4	2	enum	3
std.math.CompareOperator	8876	2	2	enum	1
std.math.F80	8881	3	2	struct	2
std.mem	8885	193	1	ns	153
std.mem.Allocator	8887	29	2	ns	28
std.mem.Alignment	8916	12	2	enum	11
std.meta	9078	30	1	ns	28
std.meta.TrailerFlags	9079	2	2	ns	1
std.os	9108	5029	1	ns	6
std.os.linux	9109	2415	2	ns	806
std.os.linux.tls	9137	5	3	ns	4
std.os.linux.BPF	9142	224	3	ns	114
std.os.linux.BPF.btf	9143	23	4	ns	20
std.os.linux.BPF.btf.ext	9146	3	5	ns	2
std.os.linux.BPF.kern	9166	43	4	ns	42
std.os.linux.BPF.Insn	9291	46	4	struct	45
std.os.linux.IOCTL	9366	6	3	ns	5
std.os.linux.SECCOMP	9372	42	3	ns	15
std.os.linux.SECCOMP.MODE	9373	4	4	struct	3
std.os.linux.SECCOMP.FILTER_FLAG	9381	6	4	struct	5
std.os.linux.SECCOMP.RET	9387	13	4	struct	12
std.os.linux.SECCOMP.IOCTL_NOTIF	9400	5	4	struct	4
std.os.linux.SECCOMP.ADDFD_FLAG	9406	3	4	struct	2
std.os.linux.syscalls	9414	24	3	ns	23
std.os.linux.MSF	9504	4	3	struct	3
std.os.linux.LINUX_REBOOT	9563	4	3	struct	3
std.os.linux.F	9579	44	3	struct	43
std.os.linux.SCHED	9704	2	3	struct	1
std.os.linux.AT	9790	13	3	struct	12
std.os.linux.FALLOC	9803	8	3	struct	7
std.os.linux.W	9827	13	3	struct	12
std.os.linux.RWF	9844	6	3	struct	5
std.os.linux.SEEK	9850	4	3	struct	3
std.os.linux.SHUT	9854	4	3	struct	3
std.os.linux.SOCK	9858	10	3	struct	9
std.os.linux.TCP	9868	41	3	struct	40
std.os.linux.UDP	9909	7	3	struct	6
std.os.linux.UDP_ENCAP	9916	7	3	struct	6
std.os.linux.PF	9923	50	3	struct	49
std.os.linux.AF	9973	50	3	struct	49
std.os.linux.SCM	10024	9	3	struct	8
std.os.linux.SOL	10033	29	3	struct	28
std.os.linux.IP	10063	50	3	struct	49
std.os.linux.IPV6	10113	68	3	struct	67
std.os.linux.IPTOS	10181	17	3	struct	16
std.os.linux.ETH	10201	112	3	struct	10
std.os.linux.ETH.P	10211	102	4	struct	101
std.os.linux.MSG	10313	22	3	struct	21
std.os.linux.DT	10335	10	3	struct	9
std.os.linux.SER	10348	14	3	struct	2
std.os.linux.SER.RS485	10349	9	4	struct	8
std.os.linux.SER.ISO7816	10358	4	4	struct	3
std.os.linux.EPOLL	10362	20	3	struct	19
std.os.linux.CLONE	10388	28	3	struct	27
std.os.linux.EFD	10416	4	3	struct	3
std.os.linux.MS	10420	33	3	struct	32
std.os.linux.MNT	10453	4	3	struct	3
std.os.linux.IN	10458	28	3	struct	27
std.os.linux.fanotify	10486	10	3	struct	8
std.os.linux.fanotify.event_metadata	10490	2	4	struct	1
std.os.linux.S	10499	31	3	struct	30
std.os.linux.Sigaction	10532	3	3	struct	2
std.os.linux.SFD	10535	3	3	struct	2
std.os.linux.sockaddr	10542	10	3	struct	9
std.os.linux.CAP	10569	46	3	struct	45
std.os.linux.inotify_event	10618	2	3	struct	1
std.os.linux.SS	10628	4	3	struct	3
std.os.linux.io_uring_sqe	10653	60	3	ns	1
std.os.linux.io_uring_sqe.io_uring_sqe	10654	59	4	struct	58
std.os.linux.IoUring	10713	103	3	ns	91
std.os.linux.IoUring.SubmissionQueue	10796	3	4	struct	2
std.os.linux.IoUring.CompletionQueue	10799	3	4	struct	2
std.os.linux.IoUring.BufferGroup	10802	8	4	struct	7
std.os.linux.io_uring_cqe	10855	3	3	struct	2
std.os.linux.io_uring_probe_op	10906	2	3	struct	1
std.os.linux.io_uring_probe	10908	2	3	struct	1
std.os.linux.io_uring_buf_reg	10915	2	3	struct	1
std.os.linux.STATX	10923	2	3	struct	1
std.os.linux.IPPROTO	10931	34	3	struct	33
std.os.linux.POLL	10977	9	3	struct	8
std.os.linux.MFD	11000	19	3	struct	18
std.os.linux.rusage	11019	4	3	struct	3
std.os.linux.TABDLY	11030	2	3	enum	1
std.os.linux.PACKET	11135	44	3	struct	43
std.os.linux.RLIM	11191	4	3	struct	3
std.os.linux.MADV	11196	22	3	struct	21
std.os.linux.kernel_timespec	11221	3	3	struct	2
std.os.linux.UTIME	11224	3	3	struct	2
std.os.linux.XDP	11228	19	3	struct	18
std.os.linux.PR	11274	58	3	enum	57
std.os.linux.NETLINK	11333	23	3	struct	22
std.os.linux.NetlinkMessageType	11373	2	3	enum	1
std.os.linux.rtattr	11377	2	3	struct	1
std.os.linux.IFLA	11380	2	3	enum	1
std.os.linux.PERF	11388	69	3	struct	7
std.os.linux.PERF.COUNT	11390	6	4	struct	2
std.os.linux.PERF.COUNT.HW	11391	4	5	enum	1
std.os.linux.PERF.COUNT.HW.CACHE	11392	3	6	enum	2
std.os.linux.PERF.SAMPLE	11396	41	4	struct	22
std.os.linux.PERF.SAMPLE.BRANCH	11418	19	5	struct	18
std.os.linux.PERF.FLAG	11438	5	4	struct	4
std.os.linux.PERF.EVENT_IOC	11443	13	4	struct	12
std.os.linux.AUDIT	11457	3	3	struct	1
std.os.linux.AUDIT.ARCH	11458	2	4	enum	1
std.os.linux.PTRACE	11460	56	3	struct	36
std.os.linux.PTRACE.EVENT	11495	9	4	struct	8
std.os.linux.PTRACE.O	11504	12	4	struct	11
std.os.linux.SHADOW_STACK	11519	2	3	struct	1
std.os.plan9	11524	66	2	ns	39
std.os.plan9.SIG	11539	21	3	struct	20
std.os.plan9.Sigaction	11562	3	3	struct	2
std.os.plan9.AT	11565	2	3	struct	1
std.os.plan9.ExecData	11584	4	3	struct	3
std.os.uefi	11590	743	2	ns	27
std.os.uefi.protocol	11591	417	3	ns	25
std.os.uefi.protocol.ServiceBinding	11592	2	4	ns	1
std.os.uefi.protocol.LoadedImage	11594	6	4	ns	1
std.os.uefi.protocol.LoadedImage.LoadedImage	11595	5	5	struct	4
std.os.uefi.protocol.DevicePath	11600	9	4	ns	1
std.os.uefi.protocol.DevicePath.DevicePath	11601	8	5	struct	7
std.os.uefi.protocol.Rng	11609	13	4	ns	1
std.os.uefi.protocol.Rng.Rng	11610	12	5	struct	11
std.os.uefi.protocol.ShellParameters	11622	3	4	ns	1
std.os.uefi.protocol.ShellParameters.ShellParameters	11623	2	5	struct	1
std.os.uefi.protocol.SimpleFileSystem	11625	5	4	ns	1
std.os.uefi.protocol.SimpleFileSystem.SimpleFileSystem	11626	4	5	struct	3
std.os.uefi.protocol.File	11630	35	4	ns	1
std.os.uefi.protocol.File.File	11631	34	5	struct	23
std.os.uefi.protocol.File.File.OpenMode	11652	2	6	enum	1
std.os.uefi.protocol.File.File.Info	11655	10	6	union	3
std.os.uefi.protocol.File.File.Info.File	11656	3	7	struct	2
std.os.uefi.protocol.File.File.Info.FileSystem	11659	3	7	struct	2
std.os.uefi.protocol.File.File.Info.VolumeLabel	11662	3	7	struct	2
std.os.uefi.protocol.BlockIo	11665	12	4	ns	1
std.os.uefi.protocol.BlockIo.BlockIo	11666	11	5	struct	10
std.os.uefi.protocol.SimpleTextInput	11677	8	4	ns	1
std.os.uefi.protocol.SimpleTextInput.SimpleTextInput	11678	7	5	struct	6
std.os.uefi.protocol.SimpleTextInputEx	11685	18	4	ns	1
std.os.uefi.protocol.SimpleTextInputEx.SimpleTextInputEx	11686	17	5	struct	12
std.os.uefi.protocol.SimpleTextInputEx.SimpleTextInputEx.Key	11698	5	6	struct	2
std.os.uefi.protocol.SimpleTextInputEx.SimpleTextInputEx.Key.State	11699	3	7	struct	2
std.os.uefi.protocol.SimpleTextOutput	11703	73	4	ns	1
std.os.uefi.protocol.SimpleTextOutput.SimpleTextOutput	11704	72	5	struct	69
std.os.uefi.protocol.SimpleTextOutput.SimpleTextOutput.Attribute	11771	3	6	struct	2
std.os.uefi.protocol.SimplePointer	11776	9	4	ns	1
std.os.uefi.protocol.SimplePointer.SimplePointer	11777	8	5	struct	7
std.os.uefi.protocol.AbsolutePointer	11785	11	4	ns	1
std.os.uefi.protocol.AbsolutePointer.AbsolutePointer	11786	10	5	struct	7
std.os.uefi.protocol.AbsolutePointer.AbsolutePointer.Mode	11792	2	6	struct	1
std.os.uefi.protocol.AbsolutePointer.AbsolutePointer.State	11794	2	6	struct	1
std.os.uefi.protocol.SerialIo	11796	18	4	ns	1
std.os.uefi.protocol.SerialIo.SerialIo	11797	17	5	struct	16
std.os.uefi.protocol.GraphicsOutput	11814	15	4	ns	1
std.os.uefi.protocol.GraphicsOutput.GraphicsOutput	11815	14	5	struct	12
std.os.uefi.protocol.GraphicsOutput.GraphicsOutput.Mode	11823	2	6	struct	1
std.os.uefi.protocol.edid	11829	11	4	ns	3
std.os.uefi.protocol.edid.Active	11830	2	5	struct	1
std.os.uefi.protocol.edid.Discovered	11832	2	5	struct	1
std.os.uefi.protocol.edid.Override	11834	6	5	struct	5
std.os.uefi.protocol.SimpleNetwork	11840	38	4	ns	1
std.os.uefi.protocol.SimpleNetwork.SimpleNetwork	11841	37	5	struct	36
std.os.uefi.protocol.ManagedNetwork	11878	30	4	ns	1
std.os.uefi.protocol.ManagedNetwork.ManagedNetwork	11879	29	5	struct	24
std.os.uefi.protocol.ManagedNetwork.ManagedNetwork.ServiceBinding	11898	4	6	struct	3
std.os.uefi.protocol.ManagedNetwork.ManagedNetwork.TransmitData	11905	2	6	struct	1
std.os.uefi.protocol.Ip6	11909	35	4	ns	1
std.os.uefi.protocol.Ip6.Ip6	11910	34	5	struct	33
std.os.uefi.protocol.Ip6Config	11944	17	4	ns	1
std.os.uefi.protocol.Ip6Config.Ip6Config	11945	16	5	struct	15
std.os.uefi.protocol.Udp6	11962	27	4	ns	1
std.os.uefi.protocol.Udp6.Udp6	11963	26	5	struct	23
std.os.uefi.protocol.Udp6.Udp6.ReceiveData	11983	2	6	struct	1
std.os.uefi.protocol.Udp6.Udp6.TransmitData	11985	2	6	struct	1
std.os.uefi.protocol.HiiDatabase	11989	11	4	ns	1
std.os.uefi.protocol.HiiDatabase.HiiDatabase	11990	10	5	struct	9
std.os.uefi.protocol.HiiPopup	12000	8	4	ns	1
std.os.uefi.protocol.HiiPopup.HiiPopup	12001	7	5	struct	6
std.os.uefi.DevicePath	12008	68	3	ns	1
std.os.uefi.DevicePath.DevicePath	12009	67	4	union	7
std.os.uefi.DevicePath.DevicePath.Hardware	12011	8	5	union	7
std.os.uefi.DevicePath.DevicePath.Acpi	12019	6	5	union	4
std.os.uefi.DevicePath.DevicePath.Acpi.AdrDevicePath	12023	2	6	struct	1
std.os.uefi.DevicePath.DevicePath.Messaging	12025	29	5	union	19
std.os.uefi.DevicePath.DevicePath.Messaging.AtapiDevicePath	12027	3	6	struct	2
std.os.uefi.DevicePath.DevicePath.Messaging.UsbWwidDevicePath	12036	2	6	struct	1
std.os.uefi.DevicePath.DevicePath.Messaging.Ipv4DevicePath	12042	2	6	struct	1
std.os.uefi.DevicePath.DevicePath.Messaging.Ipv6DevicePath	12044	2	6	struct	1
std.os.uefi.DevicePath.DevicePath.Messaging.InfiniBandDevicePath	12047	3	6	struct	1
std.os.uefi.DevicePath.DevicePath.Messaging.InfiniBandDevicePath.ResourceFlags	12048	2	7	struct	1
std.os.uefi.DevicePath.DevicePath.Messaging.UartDevicePath	12050	3	6	struct	2
std.os.uefi.DevicePath.DevicePath.Media	12054	14	5	union	10
std.os.uefi.DevicePath.DevicePath.Media.HardDriveDevicePath	12056	3	6	struct	2
std.os.uefi.DevicePath.DevicePath.Media.FilePathDevicePath	12061	2	6	struct	1
std.os.uefi.DevicePath.DevicePath.BiosBootSpecification	12068	4	5	union	2
std.os.uefi.DevicePath.DevicePath.BiosBootSpecification.BBS101DevicePath	12070	2	6	struct	1
std.os.uefi.DevicePath.DevicePath.End	12072	4	5	union	3
std.os.uefi.hii	12076	24	3	ns	9
std.os.uefi.hii.PackageHeader	12078	14	4	struct	13
std.os.uefi.hii.SimplifiedFontPackage	12093	2	4	struct	1
std.os.uefi.Status	12100	5	3	ns	1
std.os.uefi.Status.Status	12101	4	4	enum	3
std.os.uefi.tables	12106	198	3	ns	27
std.os.uefi.tables.BootServices	12107	83	4	ns	1
std.os.uefi.tables.BootServices.BootServices	12108	82	5	struct	81
std.os.uefi.tables.RuntimeServices	12190	47	4	ns	1
std.os.uefi.tables.RuntimeServices.RuntimeServices	12191	46	5	struct	37
std.os.uefi.tables.RuntimeServices.RuntimeServices.VariableAuthentication3	12225	5	6	struct	4
std.os.uefi.tables.RuntimeServices.RuntimeServices.VariableNameIterator	12231	5	6	struct	4
std.os.uefi.tables.ConfigurationTable	12237	11	4	ns	1
std.os.uefi.tables.ConfigurationTable.ConfigurationTable	12238	10	5	struct	9
std.os.uefi.tables.SystemTable	12248	18	4	ns	1
std.os.uefi.tables.SystemTable.SystemTable	12249	17	5	struct	16
std.os.uefi.tables.TableHeader	12266	2	4	ns	1
std.os.uefi.tables.MemoryType	12270	8	4	enum	7
std.os.uefi.tables.MemoryMapSlice	12282	4	4	struct	3
std.os.uefi.tables.MemoryDescriptorIterator	12286	2	4	struct	1
std.os.uefi.tables.OpenProtocolAttributes	12290	4	4	enum	3
std.os.uefi.pool_allocator	12305	3	3	ns	2
std.os.uefi.EventType	12314	3	3	struct	2
std.os.uefi.Guid	12322	3	3	struct	2
std.os.uefi.Time	12326	3	3	struct	2
std.os.wasi	12333	53	2	ns	49
std.os.wasi.SOCK	12368	4	3	struct	3
std.os.emscripten	12386	418	2	ns	111
std.os.emscripten.F	12396	19	3	struct	18
std.os.emscripten.W	12420	13	3	struct	12
std.os.emscripten.LOCK	12440	5	3	struct	4
std.os.emscripten.MADV	12445	22	3	struct	21
std.os.emscripten.MSF	12467	4	3	struct	3
std.os.emscripten.MSG	12471	22	3	struct	21
std.os.emscripten.POLL	12493	9	3	struct	8
std.os.emscripten.RLIM	12504	4	3	struct	3
std.os.emscripten.rusage	12510	4	3	struct	3
std.os.emscripten.S	12515	31	3	struct	30
std.os.emscripten.SA	12546	9	3	struct	8
std.os.emscripten.SEEK	12555	4	3	struct	3
std.os.emscripten.SHUT	12559	4	3	struct	3
std.os.emscripten.Sigaction	12564	3	3	struct	2
std.os.emscripten.SO	12572	69	3	struct	68
std.os.emscripten.SOCK	12641	10	3	struct	9
std.os.emscripten.SOL	12651	29	3	struct	28
std.os.emscripten.TCP	12683	41	3	struct	40
std.os.emscripten.UTIME	12749	3	3	struct	2
std.os.emscripten.Stat	12755	4	3	struct	3
std.os.emscripten.TIMING	12759	4	3	struct	3
std.os.emscripten.LOG	12763	11	3	struct	10
std.os.emscripten.PROMISE	12792	5	3	struct	4
std.os.windows	12804	1333	2	ns	289
std.os.windows.ws2_32	12807	160	3	ns	16
std.os.windows.ws2_32.TCP	12811	24	4	struct	23
std.os.windows.ws2_32.AF	12835	37	4	struct	36
std.os.windows.ws2_32.SOCK	12872	6	4	struct	5
std.os.windows.ws2_32.SOL	12878	3	4	struct	2
std.os.windows.ws2_32.SO	12881	49	4	struct	48
std.os.windows.ws2_32.MSG	12930	13	4	struct	12
std.os.windows.ws2_32.IPPROTO	12943	13	4	struct	12
std.os.windows.ws2_32.sockaddr	12959	6	4	struct	5
std.os.windows.crypt32	12967	29	3	ns	12
std.os.windows.crypt32.ENCODING	12972	2	4	enum	1
std.os.windows.crypt32.CERT_STORE	12976	5	4	struct	3
std.os.windows.crypt32.CERT_STORE.PROV	12977	2	5	enum	1
std.os.windows.crypt32.HCERTCHAINENGINE	12982	2	4	enum	1
std.os.windows.crypt32.CERT_CHAIN	12984	10	4	struct	4
std.os.windows.crypt32.CERT_CHAIN.USAGE_MATCH	12986	2	5	struct	1
std.os.windows.crypt32.CERT_CHAIN.POLICY	12989	5	5	enum	4
std.os.windows.crypt32.HTTPSPolicyCallbackData	12994	2	4	struct	1
std.os.windows.nls	12996	2	3	ns	1
std.os.windows.PS	12999	6	3	struct	1
std.os.windows.PS.ATTRIBUTE	13000	5	4	struct	3
std.os.windows.PS.ATTRIBUTE.Type	13002	2	5	enum	1
std.os.windows.OBJECT	13005	7	3	struct	3
std.os.windows.OBJECT.ATTRIBUTES	13006	3	4	struct	1
std.os.windows.OBJECT.ATTRIBUTES.Flags	13007	2	5	struct	1
std.os.windows.OBJECT.INFORMATION_CLASS	13009	2	4	enum	1
std.os.windows.FILE	13012	64	3	struct	25
std.os.windows.FILE.DISPOSITION	13016	4	4	struct	2
std.os.windows.FILE.DISPOSITION.INFORMATION	13018	2	5	struct	1
std.os.windows.FILE.FS_VOLUME_INFORMATION	13020	2	4	struct	1
std.os.windows.FILE.NOTIFY	13023	8	4	struct	4
std.os.windows.FILE.NOTIFY.INFORMATION	13025	2	5	struct	1
std.os.windows.FILE.NOTIFY.EXTENDED_INFORMATION	13027	2	5	struct	1
std.os.windows.FILE.NOTIFY.FULL_INFORMATION	13029	2	5	struct	1
std.os.windows.FILE.PIPE	13031	16	4	struct	10
std.os.windows.FILE.PIPE.TYPE	13032	2	5	struct	1
std.os.windows.FILE.PIPE.WAIT_FOR_BUFFER	13042	5	5	struct	4
std.os.windows.FILE.RENAME_INFORMATION	13051	5	4	struct	4
std.os.windows.FILE.INFORMATION_CLASS	13056	2	4	enum	1
std.os.windows.FILE.SHARE	13065	2	4	struct	1
std.os.windows.FILE.CREATE_DISPOSITION	13068	2	4	enum	1
std.os.windows.FILE.MODE	13070	6	4	struct	5
std.os.windows.DIRECTORY	13076	3	3	struct	1
std.os.windows.DIRECTORY.NOTIFY_INFORMATION_CLASS	13077	2	4	enum	1
std.os.windows.CONSOLE	13079	30	3	struct	1
std.os.windows.CONSOLE.USER_IO	13080	29	4	struct	16
std.os.windows.CONSOLE.USER_IO.INFO	13081	12	5	struct	5
std.os.windows.CONSOLE.USER_IO.INFO.CP	13082	2	6	struct	1
std.os.windows.CONSOLE.USER_IO.INFO.WRITE	13084	2	6	struct	1
std.os.windows.CONSOLE.USER_IO.INFO.FILL	13086	4	6	struct	1
std.os.windows.CONSOLE.USER_IO.INFO.FILL.WITH	13087	3	7	union	2
std.os.windows.CONSOLE.USER_IO.INFO.READ_OUTPUT_CHARACTER	13091	2	6	struct	1
std.os.windows.CONSOLE.USER_IO.Header	13106	2	5	struct	1
std.os.windows.AFD	13109	32	3	struct	23
std.os.windows.AFD.OPEN_PACKET	13115	3	4	struct	2
std.os.windows.AFD.BIND_INFO	13118	2	4	struct	1
std.os.windows.AFD.PARTIAL_DISCONNECT_INFO	13125	2	4	struct	1
std.os.windows.AFD.INFORMATION	13129	2	4	struct	1
std.os.windows.AFD.TRANSMIT_FILE_INFO	13131	2	4	struct	1
std.os.windows.AFD.SOCKOPT_INFO	13138	3	4	struct	2
std.os.windows.TDI	13141	21	3	struct	6
std.os.windows.TDI.CONNECTION	13143	3	4	struct	2
std.os.windows.TDI.ADDRESS	13146	4	4	struct	3
std.os.windows.TDI.REQUEST	13150	10	4	struct	9
std.os.windows.NET	13162	3	3	struct	2
std.os.windows.DNS	13165	23	3	struct	10
std.os.windows.DNS.ADDR	13168	2	4	struct	1
std.os.windows.DNS.CUSTOM_SERVER	13170	3	4	struct	2
std.os.windows.DNS.TYPE	13174	3	4	enum	2
std.os.windows.DNS.QUERY	13177	7	4	struct	5
std.os.windows.DNS.QUERY.REQUEST	13179	2	5	struct	1
std.os.windows.DNS.RECORD	13185	2	4	struct	1
std.os.windows.SYSTEM	13188	3	3	struct	2
std.os.windows.PROCESS	13191	6	3	struct	4
std.os.windows.PROCESS.INFOCLASS	13193	2	4	enum	1
std.os.windows.THREAD	13197	7	3	struct	4
std.os.windows.THREAD.INFOCLASS	13198	2	4	enum	1
std.os.windows.THREAD.CREATE_FLAGS	13201	2	4	struct	1
std.os.windows.MEMORY	13204	2	3	struct	1
std.os.windows.HEAP	13206	21	3	opaque	2
std.os.windows.HEAP.FLAGS	13207	6	4	struct	3
std.os.windows.HEAP.FLAGS.CLASS	13208	2	5	enum	1
std.os.windows.HEAP.FLAGS.CREATE	13210	2	5	struct	1
std.os.windows.HEAP.RTL_PARAMETERS	13213	14	4	struct	2
std.os.windows.HEAP.RTL_PARAMETERS.SEGMENT	13215	12	5	struct	3
std.os.windows.HEAP.RTL_PARAMETERS.SEGMENT.FLG	13217	2	6	struct	1
std.os.windows.HEAP.RTL_PARAMETERS.SEGMENT.MEMORY_SOURCE	13219	8	6	struct	2
std.os.windows.HEAP.RTL_PARAMETERS.SEGMENT.MEMORY_SOURCE.TYPE	13220	2	7	enum	1
std.os.windows.HEAP.RTL_PARAMETERS.SEGMENT.MEMORY_SOURCE.VA_CALLBACKS	13222	5	7	struct	4
std.os.windows.CTL_CODE	13227	30	3	struct	6
std.os.windows.CTL_CODE.FILE_ACCESS	13229	3	4	struct	2
std.os.windows.CTL_CODE.PIPE	13235	22	4	struct	21
std.os.windows.IOCTL	13257	69	3	struct	4
std.os.windows.IOCTL.AFD	13258	48	4	struct	47
std.os.windows.IOCTL.CONDRV	13306	15	4	struct	14
std.os.windows.IOCTL.KSEC	13321	2	4	struct	1
std.os.windows.IOCTL.MOUNTMGR	13323	3	4	struct	2
std.os.windows.IO_REPARSE_TAG	13327	38	3	struct	37
std.os.windows.ACCESS_MASK	13365	83	3	struct	3
std.os.windows.ACCESS_MASK.Specific	13366	73	4	union	22
std.os.windows.ACCESS_MASK.Specific.File	13367	7	5	struct	6
std.os.windows.ACCESS_MASK.Specific.Key	13374	6	5	struct	5
std.os.windows.ACCESS_MASK.Specific.ObjectType	13380	2	5	struct	1
std.os.windows.ACCESS_MASK.Specific.Directory	13382	2	5	struct	1
std.os.windows.ACCESS_MASK.Specific.SymbolicLink	13384	3	5	struct	2
std.os.windows.ACCESS_MASK.Specific.Section	13387	2	5	struct	1
std.os.windows.ACCESS_MASK.Specific.Session	13389	2	5	struct	1
std.os.windows.ACCESS_MASK.Specific.Process	13391	2	5	struct	1
std.os.windows.ACCESS_MASK.Specific.Thread	13393	2	5	struct	1
std.os.windows.ACCESS_MASK.Specific.MemoryPartition	13395	2	5	struct	1
std.os.windows.ACCESS_MASK.Specific.TransactionManager	13397	5	5	struct	4
std.os.windows.ACCESS_MASK.Specific.Transaction	13402	6	5	struct	5
std.os.windows.ACCESS_MASK.Specific.ResourceManager	13408	5	5	struct	4
std.os.windows.ACCESS_MASK.Specific.Enlistment	13413	5	5	struct	4
std.os.windows.ACCESS_MASK.Specific.Event	13418	2	5	struct	1
std.os.windows.ACCESS_MASK.Specific.Semaphore	13420	2	5	struct	1
std.os.windows.ACCESS_MASK.Specific.Token	13422	8	5	struct	7
std.os.windows.ACCESS_MASK.Specific.JobObject	13430	2	5	struct	1
std.os.windows.ACCESS_MASK.Specific.Mutant	13432	2	5	struct	1
std.os.windows.ACCESS_MASK.Specific.Timer	13434	2	5	struct	1
std.os.windows.ACCESS_MASK.Specific.IoCompletion	13436	2	5	struct	1
std.os.windows.ACCESS_MASK.Standard	13439	8	4	struct	2
std.os.windows.ACCESS_MASK.Standard.Rights	13441	6	5	struct	5
std.os.windows.FS_INFORMATION_CLASS	13449	2	3	enum	1
std.os.windows.PAGE	13452	2	3	struct	1
std.os.windows.MEM	13454	9	3	struct	5
std.os.windows.MEM.ALLOCATE	13455	2	4	struct	1
std.os.windows.MEM.EXTENDED_PARAMETER	13460	3	4	struct	1
std.os.windows.MEM.EXTENDED_PARAMETER.TYPE	13461	2	5	enum	1
std.os.windows.SEC	13463	2	3	struct	1
std.os.windows.NTSTATUS	13470	5	3	ns	1
std.os.windows.NTSTATUS.NTSTATUS	13471	4	4	enum	3
std.os.windows.Win32Error	13500	2	3	ns	1
std.os.windows.LANG	13502	141	3	ns	140
std.os.windows.SUBLANG	13643	245	3	ns	244
std.os.windows.GUID	13971	4	3	struct	3
std.os.windows.REG	14013	6	3	struct	3
std.os.windows.REG.ValueType	14014	3	4	enum	2
std.os.windows.KEY	14019	6	3	struct	1
std.os.windows.KEY.VALUE	14020	5	4	struct	2
std.os.windows.KEY.VALUE.INFORMATION_CLASS	14021	2	5	enum	1
std.os.windows.KEY.VALUE.PARTIAL_INFORMATION	14023	2	5	struct	1
std.os.windows.LDR	14082	13	3	struct	5
std.os.windows.LDR.DLL_NOTIFICATION	14084	8	4	struct	5
std.os.windows.LDR.DLL_NOTIFICATION.DATA	14086	3	5	union	2
std.pdb	14137	37	1	ns	34
std.pdb.LineNumberEntry	14153	2	2	struct	1
std.pdb.SuperBlock	14160	2	2	struct	1
std.pie	14174	2	1	ns	1
std.posix	14176	242	1	ns	229
std.posix.LOCK	14312	5	2	struct	4
std.posix.LOG	14317	9	2	struct	8
std.process	14418	169	1	ns	60
std.process.Child	14419	9	2	ns	7
std.process.Child.ResourceUsageStatistics	14421	2	3	struct	1
std.process.Args	14428	32	2	ns	8
std.process.Args.Iterator	14430	24	3	struct	9
std.process.Args.Iterator.Windows	14437	6	4	struct	5
std.process.Args.Iterator.Posix	14443	5	4	struct	4
std.process.Args.Iterator.Wasi	14448	6	4	struct	5
std.process.Environ	14460	62	2	ns	21
std.process.Environ.GlobalBlock	14463	5	3	struct	4
std.process.Environ.PosixBlock	14468	7	3	struct	5
std.process.Environ.PosixBlock.View	14472	2	4	struct	1
std.process.Environ.WindowsBlock	14475	7	3	struct	5
std.process.Environ.WindowsBlock.View	14479	2	4	struct	1
std.process.Environ.Map	14482	25	3	struct	22
std.process.Environ.Map.EnvNameHashContext	14484	3	4	struct	2
std.process.Preopens	14522	7	2	ns	6
std.process.Init	14529	2	2	struct	1
std.process.SpawnOptions	14548	2	2	struct	1
std.sort	14587	24	1	ns	20
std.sort.block	14589	2	2	ns	1
std.sort.pdq	14591	3	2	ns	2
std.simd	14611	25	1	ns	24
std.ascii	14636	77	1	ns	38
std.ascii.control_code	14640	36	2	struct	35
std.ascii.HexEscape	14708	4	2	struct	3
std.tar	14713	40	1	ns	9
std.tar.Writer	14714	22	2	ns	12
std.tar.Writer.Header	14726	10	3	struct	9
std.tar.Diagnostics	14736	3	2	struct	2
std.tar.ExtractOptions	14740	2	2	struct	1
std.tar.Iterator	14743	6	2	struct	5
std.tar.PaxIterator	14749	2	2	struct	1
std.testing	14753	70	1	ns	31
std.testing.FailingAllocator	14755	5	2	ns	4
std.testing.TmpDir	14776	2	2	struct	1
std.testing.Smith	14785	31	2	ns	30
std.testing.Reader	14818	3	2	struct	2
std.testing.ReaderIndirect	14821	2	2	struct	1
std.time	14823	67	1	ns	23
std.time.epoch	14824	44	2	ns	35
std.time.epoch.Month	14853	2	3	enum	1
std.time.epoch.YearAndDay	14856	2	3	struct	1
std.time.epoch.EpochDay	14859	2	3	struct	1
std.time.epoch.DaySeconds	14861	4	3	struct	3
std.time.epoch.EpochSeconds	14865	3	3	struct	2
std.tz	14890	11	1	ns	4
std.tz.Timetype	14892	5	2	struct	4
std.tz.Tz	14898	3	2	struct	2
std.unicode	14901	80	1	ns	60
std.unicode.Utf8View	14916	5	2	struct	4
std.unicode.Utf8Iterator	14921	4	2	struct	3
std.unicode.Utf16LeIterator	14930	4	2	struct	3
std.unicode.Wtf8View	14957	5	2	struct	4
std.unicode.Wtf8Iterator	14962	4	2	struct	3
std.unicode.Wtf16LeIterator	14977	3	2	struct	2
std.valgrind	14981	66	1	ns	34
std.valgrind.MempoolFlags	14997	3	2	struct	2
std.valgrind.memcheck	15015	20	2	ns	19
std.valgrind.callgrind	15035	8	2	ns	7
std.valgrind.cachegrind	15043	4	2	ns	3
std.wasm	15047	22	1	ns	19
std.wasm.Limits	15054	2	2	struct	1
std.wasm.BlockType	15064	2	2	enum	1
std.zig	15069	1455	1	ns	68
std.zig.ErrorBundle	15070	42	2	ns	24
std.zig.ErrorBundle.Wip	15094	18	3	struct	17
std.zig.Server	15112	32	2	ns	19
std.zig.Server.Message	15113	13	3	struct	8
std.zig.Server.Message.TestResults	15119	3	4	struct	2
std.zig.Server.Message.TimeReport	15122	2	4	struct	1
std.zig.Server.Message.EmitDigest	15124	2	4	struct	1
std.zig.Client	15144	4	2	ns	1
std.zig.Client.Message	15145	3	3	struct	2
std.zig.TokenSmith	15150	4	2	ns	3
std.zig.string_literal	15154	11	2	ns	8
std.zig.string_literal.Error	15158	3	3	union	2
std.zig.number_literal	15165	7	2	ns	6
std.zig.primitives	15172	3	2	ns	2
std.zig.Ast	15176	196	2	ns	109
std.zig.Ast.OptionalTokenIndex	15181	4	3	enum	3
std.zig.Ast.TokenOffset	15185	4	3	enum	3
std.zig.Ast.OptionalTokenOffset	15189	2	3	enum	1
std.zig.Ast.Render	15204	7	3	ns	3
std.zig.Ast.Render.Fixups	15206	4	4	struct	3
std.zig.Ast.full	15292	43	3	struct	17
std.zig.Ast.full.VarDecl	15293	3	4	struct	2
std.zig.Ast.full.AssignDestructure	15296	2	4	struct	1
std.zig.Ast.full.If	15298	2	4	struct	1
std.zig.Ast.full.While	15300	2	4	struct	1
std.zig.Ast.full.For	15302	2	4	struct	1
std.zig.Ast.full.ContainerField	15304	4	4	struct	3
std.zig.Ast.full.FnProto	15308	7	4	struct	5
std.zig.Ast.full.FnProto.Iterator	15312	2	5	struct	1
std.zig.Ast.full.StructInit	15315	2	4	struct	1
std.zig.Ast.full.ArrayInit	15317	2	4	struct	1
std.zig.Ast.full.ArrayType	15319	2	4	struct	1
std.zig.Ast.full.PtrType	15321	2	4	struct	1
std.zig.Ast.full.Slice	15323	2	4	struct	1
std.zig.Ast.full.ContainerDecl	15325	2	4	struct	1
std.zig.Ast.full.Switch	15327	2	4	struct	1
std.zig.Ast.full.SwitchCase	15329	2	4	struct	1
std.zig.Ast.full.Asm	15331	2	4	struct	1
std.zig.Ast.full.Call	15333	2	4	struct	1
std.zig.Ast.Error	15335	2	3	struct	1
std.zig.Ast.Node	15338	31	3	struct	22
std.zig.Ast.Node.Index	15339	3	4	enum	2
std.zig.Ast.Node.OptionalIndex	15342	3	4	enum	2
std.zig.Ast.Node.Offset	15345	3	4	enum	2
std.zig.Ast.Node.OptionalOffset	15348	2	4	enum	1
std.zig.Ast.Node.Tag	15350	2	4	enum	1
std.zig.AstGen	15372	2	2	ns	1
std.zig.AstSmith	15374	8	2	ns	7
std.zig.Zir	15382	214	2	ns	33
std.zig.Zir.Inst	15393	154	3	struct	82
std.zig.Zir.Inst.Tag	15394	4	4	enum	3
std.zig.Zir.Inst.Extended	15398	2	4	enum	1
std.zig.Zir.Inst.Index	15400	3	4	enum	2
std.zig.Zir.Inst.OptionalIndex	15403	2	4	enum	1
std.zig.Zir.Inst.Ref	15405	4	4	enum	3
std.zig.Zir.Inst.Data	15409	2	4	union	1
std.zig.Zir.Inst.Asm	15412	4	4	struct	3
std.zig.Zir.Inst.Func	15416	3	4	struct	2
std.zig.Zir.Inst.FuncFancy	15419	2	4	struct	1
std.zig.Zir.Inst.Declaration	15426	20	4	struct	5
std.zig.Zir.Inst.Declaration.Unwrapped	15427	3	5	struct	2
std.zig.Zir.Inst.Declaration.Flags	15430	11	5	struct	1
std.zig.Zir.Inst.Declaration.Flags.Id	15431	10	6	enum	9
std.zig.Zir.Inst.Declaration.Name	15441	3	5	enum	2
std.zig.Zir.Inst.Call	15446	4	4	struct	1
std.zig.Zir.Inst.Call.Flags	15447	3	5	struct	2
std.zig.Zir.Inst.BuiltinCall	15452	2	4	struct	1
std.zig.Zir.Inst.SwitchBlock	15473	13	4	struct	3
std.zig.Zir.Inst.SwitchBlock.Bits	15474	2	5	struct	1
std.zig.Zir.Inst.SwitchBlock.ProngInfo	15476	4	5	struct	3
std.zig.Zir.Inst.SwitchBlock.ItemInfo	15480	6	5	struct	5
std.zig.Zir.Inst.StructDecl	15490	2	4	struct	1
std.zig.Zir.Inst.Capture	15492	4	4	struct	3
std.zig.Zir.Inst.FullPtrCastFlags	15497	2	4	struct	1
std.zig.Zir.Inst.EnumDecl	15501	2	4	struct	1
std.zig.Zir.Inst.UnionDecl	15503	5	4	struct	2
std.zig.Zir.Inst.UnionDecl.Kind	15505	3	5	enum	2
std.zig.Zir.Inst.OpaqueDecl	15508	2	4	struct	1
std.zig.Zir.Inst.Float128	15512	2	4	struct	1
std.zig.Zir.Inst.StructInit	15514	2	4	struct	1
std.zig.Zir.Inst.StructInitAnon	15516	2	4	struct	1
std.zig.Zir.Inst.Param	15529	2	4	struct	1
std.zig.Zir.Inst.AllocExtended	15531	2	4	struct	1
std.zig.Zir.Inst.CompileErrors	15534	3	4	struct	1
std.zig.Zir.Inst.CompileErrors.Item	15535	2	5	struct	1
std.zig.Zir.Inst.Imports	15537	2	4	struct	1
std.zig.Zir.DeclContents	15547	4	3	struct	3
std.zig.Zir.UnwrappedSwitchBlock	15560	13	3	struct	6
std.zig.Zir.UnwrappedSwitchBlock.Case	15565	7	4	struct	4
std.zig.Zir.UnwrappedSwitchBlock.Case.Index	15566	2	5	struct	1
std.zig.Zir.UnwrappedSwitchBlock.Case.Iterator	15570	2	5	struct	1
std.zig.Zir.UnwrappedStructDecl	15577	5	3	struct	2
std.zig.Zir.UnwrappedStructDecl.FieldIterator	15579	3	4	struct	2
std.zig.Zir.UnwrappedUnionDecl	15583	5	3	struct	2
std.zig.Zir.UnwrappedUnionDecl.FieldIterator	15585	3	4	struct	2
std.zig.Zir.UnwrappedEnumDecl	15589	5	3	struct	2
std.zig.Zir.UnwrappedEnumDecl.FieldIterator	15591	3	4	struct	2
std.zig.Zoir	15596	17	2	ns	6
std.zig.Zoir.Node	15600	8	3	union	2
std.zig.Zoir.Node.Index	15601	5	4	enum	3
std.zig.Zoir.Node.Index.Range	15604	2	5	struct	1
std.zig.Zoir.Node.Repr	15606	2	4	struct	1
std.zig.Zoir.NullTerminatedString	15608	2	3	enum	1
std.zig.Zoir.CompileError	15610	3	3	struct	2
std.zig.ZonGen	15613	5	2	ns	4
std.zig.system	15618	33	2	ns	10
std.zig.system.NativePaths	15619	11	3	ns	10
std.zig.system.windows	15630	7	3	ns	6
std.zig.system.darwin	15637	6	3	ns	3
std.zig.system.darwin.macos	15638	3	4	ns	2
std.zig.system.linux	15643	2	3	ns	1
std.zig.BuiltinFn	15651	4	2	ns	3
std.zig.AstRlAnnotate	15655	3	2	ns	2
std.zig.LibCInstallation	15658	13	2	ns	10
std.zig.LibCInstallation.CrtBasenames	15666	3	3	struct	2
std.zig.WindowsSdk	15671	4	2	ns	3
std.zig.LibCDirs	15675	4	2	ns	3
std.zig.target	15679	20	2	ns	19
std.zig.llvm	15699	679	2	ns	3
std.zig.llvm.BitcodeReader	15700	10	3	ns	9
std.zig.llvm.bitcode_writer	15710	4	3	ns	3
std.zig.llvm.Builder	15714	664	3	ns	186
std.zig.llvm.Builder.String	15722	6	4	enum	5
std.zig.llvm.Builder.Type	15731	45	4	enum	40
std.zig.llvm.Builder.Type.Function	15735	2	5	struct	1
std.zig.llvm.Builder.Type.Vector	15738	2	5	struct	1
std.zig.llvm.Builder.Type.Structure	15741	2	5	struct	1
std.zig.llvm.Builder.Type.Item	15744	2	5	struct	1
std.zig.llvm.Builder.Attribute	15776	34	4	union	9
std.zig.llvm.Builder.Attribute.Index	15777	4	5	enum	3
std.zig.llvm.Builder.Attribute.Kind	15781	3	5	enum	2
std.zig.llvm.Builder.Attribute.FpClass	15784	17	5	struct	16
std.zig.llvm.Builder.Attribute.AllocSize	15802	2	5	struct	1
std.zig.llvm.Builder.Attribute.Memory	15804	2	5	struct	1
std.zig.llvm.Builder.Attribute.UwTable	15806	2	5	enum	1
std.zig.llvm.Builder.Attributes	15810	3	4	enum	2
std.zig.llvm.Builder.FunctionAttributes	15813	17	4	enum	5
std.zig.llvm.Builder.FunctionAttributes.Wip	15814	12	5	struct	11
std.zig.llvm.Builder.Linkage	15830	3	4	enum	2
std.zig.llvm.Builder.Preemption	15833	2	4	enum	1
std.zig.llvm.Builder.Visibility	15835	3	4	enum	2
std.zig.llvm.Builder.DllStorageClass	15838	2	4	enum	1
std.zig.llvm.Builder.ThreadLocal	15840	5	4	enum	3
std.zig.llvm.Builder.ThreadLocal.Prefixed	15842	2	5	struct	1
std.zig.llvm.Builder.UnnamedAddr	15846	2	4	enum	1
std.zig.llvm.Builder.AddrSpace	15848	72	4	enum	10
std.zig.llvm.Builder.AddrSpace.x86	15849	7	5	struct	6
std.zig.llvm.Builder.AddrSpace.avr	15857	8	5	struct	7
std.zig.llvm.Builder.AddrSpace.nvptx	15865	7	5	struct	6
std.zig.llvm.Builder.AddrSpace.amdgpu	15872	30	5	struct	29
std.zig.llvm.Builder.AddrSpace.spirv	15902	9	5	struct	8
std.zig.llvm.Builder.AddrSpace.wasm	15911	5	5	struct	4
std.zig.llvm.Builder.AddrSpace.Prefixed	15917	2	5	struct	1
std.zig.llvm.Builder.ExternallyInitialized	15920	2	4	enum	1
std.zig.llvm.Builder.Alignment	15922	10	4	enum	6
std.zig.llvm.Builder.Alignment.Lazy	15923	3	5	enum	2
std.zig.llvm.Builder.Alignment.Prefixed	15929	2	5	struct	1
std.zig.llvm.Builder.CallConv	15932	3	4	enum	2
std.zig.llvm.Builder.StrtabString	15935	4	4	enum	3
std.zig.llvm.Builder.Global	15945	25	4	struct	1
std.zig.llvm.Builder.Global.Index	15946	24	5	enum	23
std.zig.llvm.Builder.Alias	15970	11	4	struct	1
std.zig.llvm.Builder.Alias.Index	15971	10	5	enum	9
std.zig.llvm.Builder.Variable	15981	17	4	struct	1
std.zig.llvm.Builder.Variable.Index	15982	16	5	enum	15
std.zig.llvm.Builder.Function	15999	67	4	struct	5
std.zig.llvm.Builder.Function.Index	16000	16	5	enum	15
std.zig.llvm.Builder.Function.Block	16016	2	5	struct	1
std.zig.llvm.Builder.Function.Instruction	16018	46	5	struct	23
std.zig.llvm.Builder.Function.Instruction.Tag	16019	4	6	enum	3
std.zig.llvm.Builder.Function.Instruction.Index	16023	9	6	enum	8
std.zig.llvm.Builder.Function.Instruction.BrCond	16033	4	6	struct	1
std.zig.llvm.Builder.Function.Instruction.BrCond.Weights	16034	3	7	enum	2
std.zig.llvm.Builder.Function.Instruction.Alloca	16045	3	6	struct	2
std.zig.llvm.Builder.Function.Instruction.CmpXchg	16050	2	6	struct	1
std.zig.llvm.Builder.Function.Instruction.AtomicRmw	16052	2	6	struct	1
std.zig.llvm.Builder.Function.Instruction.GetElementPtr	16054	2	6	struct	1
std.zig.llvm.Builder.Function.Instruction.Cast	16056	2	6	struct	1
std.zig.llvm.Builder.Function.Instruction.Call	16060	3	6	struct	2
std.zig.llvm.Builder.DebugLocation	16066	3	4	union	2
std.zig.llvm.Builder.WipFunction	16069	59	4	struct	54
std.zig.llvm.Builder.WipFunction.WipSwitch	16080	3	5	struct	2
std.zig.llvm.Builder.WipFunction.WipPhi	16111	3	5	struct	2
std.zig.llvm.Builder.MemoryAccessKind	16130	5	4	enum	3
std.zig.llvm.Builder.MemoryAccessKind.Prefixed	16132	2	5	struct	1
std.zig.llvm.Builder.SyncScope	16135	5	4	enum	3
std.zig.llvm.Builder.SyncScope.Prefixed	16137	2	5	struct	1
std.zig.llvm.Builder.AtomicOrdering	16140	5	4	enum	3
std.zig.llvm.Builder.AtomicOrdering.Prefixed	16142	2	5	struct	1
std.zig.llvm.Builder.FastMath	16145	2	4	struct	1
std.zig.llvm.Builder.FastMathKind	16147	2	4	enum	1
std.zig.llvm.Builder.Constant	16149	28	4	enum	19
std.zig.llvm.Builder.Constant.Tag	16150	3	5	enum	2
std.zig.llvm.Builder.Constant.Integer	16154	2	5	struct	1
std.zig.llvm.Builder.Constant.Cast	16162	2	5	struct	1
std.zig.llvm.Builder.Constant.GetElementPtr	16164	4	5	struct	3
std.zig.llvm.Builder.Constant.Assembly	16169	2	5	struct	1
std.zig.llvm.Builder.Value	16177	6	4	enum	5
std.zig.llvm.Builder.Metadata	16183	59	4	struct	32
std.zig.llvm.Builder.Metadata.Optional	16186	7	5	struct	6
std.zig.llvm.Builder.Metadata.String	16195	8	5	enum	4
std.zig.llvm.Builder.Metadata.String.Optional	16196	4	6	enum	3
std.zig.llvm.Builder.Metadata.Tag	16204	2	5	enum	1
std.zig.llvm.Builder.Metadata.DIFlags	16211	2	5	struct	1
std.zig.llvm.Builder.Metadata.CompileUnit	16214	2	5	struct	1
std.zig.llvm.Builder.Metadata.Subprogram	16216	4	5	struct	2
std.zig.llvm.Builder.Metadata.Subprogram.DISPFlags	16218	2	6	struct	1
std.zig.llvm.Builder.Metadata.BasicType	16223	2	5	struct	1
std.zig.llvm.Builder.Metadata.CompositeType	16225	3	5	struct	2
std.zig.llvm.Builder.Metadata.DerivedType	16228	4	5	struct	3
std.zig.llvm.Builder.Metadata.GlobalVar	16239	2	5	struct	1
std.zig.c_translation	16381	77	2	struct	2
std.zig.c_translation.builtins	16382	57	3	ns	56
std.zig.c_translation.helpers	16439	19	3	ns	18
std.zig.Color	16460	2	2	enum	1
std.zig.Loc	16466	2	2	struct	1
std.zig.BuildId	16473	7	2	union	5
std.zig.BuildId.HexString	16475	2	3	struct	1
std.zig.Subsystem	16481	9	2	enum	8
std.zig.FormatId	16498	3	2	struct	2
std.zig.EnvVar	16512	3	2	enum	2
std.zig.SimpleComptimeReason	16515	2	2	enum	1
std.zig.EmitArtifact	16517	2	2	enum	1
std.zig.ClangCliParam	16519	5	2	struct	4
std.zip	16524	30	1	ns	17
std.zip.EndRecord	16536	6	2	struct	5
std.zip.Decompress	16542	2	2	struct	1
std.zip.Iterator	16544	5	2	struct	3
std.zip.Iterator.Entry	16547	2	3	struct	1
std.zip.Diagnostics	16549	3	2	struct	2
std.zon	16554	70	1	ns	3
std.zon.parse	16555	24	2	ns	10
std.zon.parse.Error	16557	11	3	union	5
std.zon.parse.Error.Note	16558	5	4	union	3
std.zon.parse.Error.Note.Iterator	16559	2	5	struct	1
std.zon.parse.Error.Iterator	16563	2	4	struct	1
std.zon.parse.Diagnostics	16568	4	3	struct	3
std.zon.stringify	16579	5	2	ns	4
std.zon.Serializer	16584	40	2	ns	25
std.zon.Serializer.Tuple	16608	8	3	struct	7
std.zon.Serializer.Struct	16616	8	3	struct	7
std.Options	16626	7	1	struct	6