path	reason
std.Build.Cache.Path	/usr/lib/zig/std/Build/Cache/Path.zig:111:20: error: root source file struct 'Io.Dir' has no member named 'AtomicFileOptions'
std.Build.abi.fuzz	error: undefined symbol: fuzzer_init
std.DynLib.ElfDynLib.GnuHashSection32	/tmp/zephem-depth/r.zig:29:38: error: struct 'dynamic_library.DynLib' has no member named 'ElfDynLib'
std.DynLib.ElfDynLib.GnuHashSection64	/tmp/zephem-depth/r.zig:29:38: error: struct 'dynamic_library.DynLib' has no member named 'ElfDynLib'
std.Io	/usr/lib/zig/std/debug.zig:420:14: error: reached unreachable code
std.Io.Dispatch	/usr/lib/zig/std/debug.zig:420:14: error: reached unreachable code
std.Io.Kqueue	/usr/lib/zig/std/posix.zig:96:26: error: root source file struct 'os.linux' has no member named 'Kevent'
std.builtin.CallingConvention	/usr/lib/zig/std/builtin.zig:144:17: error: reached unreachable code
std.c	/usr/lib/zig/std/debug.zig:420:14: error: reached unreachable code
std.crypto.dh.X25519.X25519.Curve	/tmp/zephem-depth/r.zig:29:48: error: struct 'crypto.25519.x25519.X25519' has no member named 'X25519'
std.crypto.dh.X25519.X25519.Curve.Curve25519	/tmp/zephem-depth/r.zig:29:48: error: struct 'crypto.25519.x25519.X25519' has no member named 'X25519'
std.crypto.dh.X25519.X25519.Curve.Curve25519.Fe	/tmp/zephem-depth/r.zig:29:48: error: struct 'crypto.25519.x25519.X25519' has no member named 'X25519'
std.crypto.dh.X25519.X25519.Curve.Curve25519.Fe.Fe	/tmp/zephem-depth/r.zig:29:48: error: struct 'crypto.25519.x25519.X25519' has no member named 'X25519'
std.crypto.dh.X25519.X25519.Curve.Curve25519.scalar	/tmp/zephem-depth/r.zig:29:48: error: struct 'crypto.25519.x25519.X25519' has no member named 'X25519'
std.crypto.dh.X25519.X25519.Curve.Curve25519.scalar.Scalar	/tmp/zephem-depth/r.zig:29:48: error: struct 'crypto.25519.x25519.X25519' has no member named 'X25519'
std.crypto.dh.X25519.X25519.KeyPair	/tmp/zephem-depth/r.zig:29:48: error: struct 'crypto.25519.x25519.X25519' has no member named 'X25519'
std.crypto.ecc.P256.P256.Fe	/tmp/zephem-depth/r.zig:29:47: error: struct 'crypto.pcurves.p256.P256' has no member named 'P256'
std.crypto.ecc.P256.P256.scalar	/tmp/zephem-depth/r.zig:29:47: error: struct 'crypto.pcurves.p256.P256' has no member named 'P256'
std.crypto.ecc.P256.P256.scalar.Scalar	/tmp/zephem-depth/r.zig:29:47: error: struct 'crypto.pcurves.p256.P256' has no member named 'P256'
std.crypto.ecc.P384.P384.Fe	/tmp/zephem-depth/r.zig:29:47: error: struct 'crypto.pcurves.p384.P384' has no member named 'P384'
std.crypto.ecc.P384.P384.scalar	/tmp/zephem-depth/r.zig:29:47: error: struct 'crypto.pcurves.p384.P384' has no member named 'P384'
std.crypto.ecc.P384.P384.scalar.Scalar	/tmp/zephem-depth/r.zig:29:47: error: struct 'crypto.pcurves.p384.P384' has no member named 'P384'
std.crypto.ecc.Secp256k1.Secp256k1.Fe	/tmp/zephem-depth/r.zig:29:52: error: struct 'crypto.pcurves.secp256k1.Secp256k1' has no member named 'Secp256k1'
std.crypto.ecc.Secp256k1.Secp256k1.scalar	/tmp/zephem-depth/r.zig:29:52: error: struct 'crypto.pcurves.secp256k1.Secp256k1' has no member named 'Secp256k1'
std.crypto.ecc.Secp256k1.Secp256k1.scalar.Scalar	/tmp/zephem-depth/r.zig:29:52: error: struct 'crypto.pcurves.secp256k1.Secp256k1' has no member named 'Secp256k1'
std.crypto.ecc.Secp256k1.Secp256k1.Endormorphism	/tmp/zephem-depth/r.zig:29:52: error: struct 'crypto.pcurves.secp256k1.Secp256k1' has no member named 'Secp256k1'
std.crypto.sign.Ed25519.Ed25519.SecretKey	/tmp/zephem-depth/r.zig:29:51: error: struct 'crypto.25519.ed25519.Ed25519' has no member named 'Ed25519'
std.crypto.sign.Ed25519.Ed25519.Signer	/tmp/zephem-depth/r.zig:29:51: error: struct 'crypto.25519.ed25519.Ed25519' has no member named 'Ed25519'
std.crypto.sign.Ed25519.Ed25519.PublicKey	/tmp/zephem-depth/r.zig:29:51: error: struct 'crypto.25519.ed25519.Ed25519' has no member named 'Ed25519'
std.crypto.sign.Ed25519.Ed25519.Verifier	/tmp/zephem-depth/r.zig:29:51: error: struct 'crypto.25519.ed25519.Ed25519' has no member named 'Ed25519'
std.crypto.sign.Ed25519.Ed25519.Signature	/tmp/zephem-depth/r.zig:29:51: error: struct 'crypto.25519.ed25519.Ed25519' has no member named 'Ed25519'
std.crypto.sign.Ed25519.Ed25519.KeyPair	/tmp/zephem-depth/r.zig:29:51: error: struct 'crypto.25519.ed25519.Ed25519' has no member named 'Ed25519'
std.crypto.sign.Ed25519.Ed25519.key_blinding	/tmp/zephem-depth/r.zig:29:51: error: struct 'crypto.25519.ed25519.Ed25519' has no member named 'Ed25519'
std.crypto.sign.Ed25519.Ed25519.key_blinding.BlindPublicKey	/tmp/zephem-depth/r.zig:29:51: error: struct 'crypto.25519.ed25519.Ed25519' has no member named 'Ed25519'
std.crypto.sign.Ed25519.Ed25519.key_blinding.BlindKeyPair	/tmp/zephem-depth/r.zig:29:51: error: struct 'crypto.25519.ed25519.Ed25519' has no member named 'Ed25519'
std.crypto.codecs.asn1.der.Encoder	/usr/lib/zig/std/crypto/codecs/asn1/der/Encoder.zig:120:47: error: root source file struct 'crypto.codecs.asn1.der.ArrayListReverse' has no member named 'Writer'
std.crypto.codecs.base64.hex.DecoderWithIgnore	/tmp/zephem-depth/r.zig:29:52: error: struct 'crypto.codecs.base64_hex_ct.base64' has no member named 'hex'
std.crypto.codecs.base64.base64.Variant	/tmp/zephem-depth/r.zig:29:52: error: struct 'crypto.codecs.base64_hex_ct.base64' has no member named 'base64'
std.crypto.codecs.base64.base64.DecoderWithIgnore	/tmp/zephem-depth/r.zig:29:52: error: struct 'crypto.codecs.base64_hex_ct.base64' has no member named 'base64'
std.elf	/usr/lib/zig/std/elf.zig:419:52: error: enum 'elf.STB' has no member named 'MIBS_SPLIT_COMMON'
std.elf.STT	/usr/lib/zig/std/elf.zig:654:66: error: overflow of integer type 'u4' with value '17'
std.gpu	/usr/lib/zig/std/gpu.zig:3:45: error: pointers with address space 'input' are not supported on x86
std.hash.crc	/usr/lib/zig/std/hash/crc.zig:6:28: error: root source file struct 'hash.crc.impl' has no member named 'Polynomial'
std.heap	/usr/lib/zig/std/heap.zig:16:74: error: unimplemented
std.heap.BrkAllocator	/usr/lib/zig/std/heap/BrkAllocator.zig:15:35: error: unsupported
std.http.Client	/usr/lib/zig/std/http/Client.zig:1483:58: error: root source file struct 'posix' has no member named 'SocketError'
std.macho.PROT	/usr/lib/zig/std/macho.zig:683:33: error: expected type 'macho.vm_prot_t', found 'comptime_int'
std.math.scalbn.scalbn	/tmp/zephem-depth/r.zig:29:42: error: type 'fn (anytype, i32) anytype' does not support field access
std.os.linux	/usr/lib/zig/std/os/linux.zig:68:34: error: root source file struct 'os.linux.x86_64' has no member named 'syscall7'
std.os.linux.AUDIT	/usr/lib/zig/std/os/linux.zig:9949:24: error: enum 'elf.EM' has no member named 'FRV'
std.os.linux.AUDIT.ARCH	/usr/lib/zig/std/os/linux.zig:9949:24: error: enum 'elf.EM' has no member named 'FRV'
std.os.plan9.ExecData	/tmp/zephem-depth/r.zig:73:23: error: cannot load opaque type 'anyopaque'
std.os.uefi.protocol.File.File.OpenMode	/tmp/zephem-depth/r.zig:29:53: error: struct 'os.uefi.protocol.file.File' has no member named 'File'
std.os.uefi.protocol.File.File.Info	/tmp/zephem-depth/r.zig:29:53: error: struct 'os.uefi.protocol.file.File' has no member named 'File'
std.os.uefi.protocol.File.File.Info.FileSystem	/tmp/zephem-depth/r.zig:29:53: error: struct 'os.uefi.protocol.file.File' has no member named 'File'
std.os.uefi.protocol.File.File.Info.VolumeLabel	/tmp/zephem-depth/r.zig:29:53: error: struct 'os.uefi.protocol.file.File' has no member named 'File'
std.os.uefi.protocol.SimpleTextInputEx.SimpleTextInputEx.Key	/tmp/zephem-depth/r.zig:29:66: error: struct 'os.uefi.protocol.simple_text_input_ex.SimpleTextInputEx' has no member named 'SimpleTextInputEx'
std.os.uefi.protocol.SimpleTextInputEx.SimpleTextInputEx.Key.State	/tmp/zephem-depth/r.zig:29:66: error: struct 'os.uefi.protocol.simple_text_input_ex.SimpleTextInputEx' has no member named 'SimpleTextInputEx'
std.os.uefi.protocol.SimpleTextOutput.SimpleTextOutput.Attribute	/tmp/zephem-depth/r.zig:29:65: error: struct 'os.uefi.protocol.simple_text_output.SimpleTextOutput' has no member named 'SimpleTextOutput'
std.os.uefi.protocol.AbsolutePointer.AbsolutePointer.Mode	/tmp/zephem-depth/r.zig:29:64: error: struct 'os.uefi.protocol.absolute_pointer.AbsolutePointer' has no member named 'AbsolutePointer'
std.os.uefi.protocol.AbsolutePointer.AbsolutePointer.State	/tmp/zephem-depth/r.zig:29:64: error: struct 'os.uefi.protocol.absolute_pointer.AbsolutePointer' has no member named 'AbsolutePointer'
std.os.uefi.protocol.GraphicsOutput.GraphicsOutput.Mode	/tmp/zephem-depth/r.zig:29:63: error: struct 'os.uefi.protocol.graphics_output.GraphicsOutput' has no member named 'GraphicsOutput'
std.os.uefi.protocol.ManagedNetwork.ManagedNetwork.ServiceBinding	/tmp/zephem-depth/r.zig:29:63: error: struct 'os.uefi.protocol.managed_network.ManagedNetwork' has no member named 'ManagedNetwork'
std.os.uefi.protocol.ManagedNetwork.ManagedNetwork.TransmitData	/tmp/zephem-depth/r.zig:29:63: error: struct 'os.uefi.protocol.managed_network.ManagedNetwork' has no member named 'ManagedNetwork'
std.os.uefi.protocol.Udp6.Udp6.ReceiveData	/tmp/zephem-depth/r.zig:29:53: error: struct 'os.uefi.protocol.udp6.Udp6' has no member named 'Udp6'
std.os.uefi.protocol.Udp6.Udp6.TransmitData	/tmp/zephem-depth/r.zig:29:53: error: struct 'os.uefi.protocol.udp6.Udp6' has no member named 'Udp6'
std.os.uefi.DevicePath.DevicePath.Hardware	/tmp/zephem-depth/r.zig:29:50: error: union 'os.uefi.device_path.DevicePath' has no member named 'DevicePath'
std.os.uefi.DevicePath.DevicePath.Acpi	/tmp/zephem-depth/r.zig:29:50: error: union 'os.uefi.device_path.DevicePath' has no member named 'DevicePath'
std.os.uefi.DevicePath.DevicePath.Acpi.AdrDevicePath	/tmp/zephem-depth/r.zig:29:50: error: union 'os.uefi.device_path.DevicePath' has no member named 'DevicePath'
std.os.uefi.DevicePath.DevicePath.Messaging	/tmp/zephem-depth/r.zig:29:50: error: union 'os.uefi.device_path.DevicePath' has no member named 'DevicePath'
std.os.uefi.DevicePath.DevicePath.Messaging.AtapiDevicePath	/tmp/zephem-depth/r.zig:29:50: error: union 'os.uefi.device_path.DevicePath' has no member named 'DevicePath'
std.os.uefi.DevicePath.DevicePath.Messaging.UsbWwidDevicePath	/tmp/zephem-depth/r.zig:29:50: error: union 'os.uefi.device_path.DevicePath' has no member named 'DevicePath'
std.os.uefi.DevicePath.DevicePath.Messaging.Ipv4DevicePath	/tmp/zephem-depth/r.zig:29:50: error: union 'os.uefi.device_path.DevicePath' has no member named 'DevicePath'
std.os.uefi.DevicePath.DevicePath.Messaging.Ipv6DevicePath	/tmp/zephem-depth/r.zig:29:50: error: union 'os.uefi.device_path.DevicePath' has no member named 'DevicePath'
std.os.uefi.DevicePath.DevicePath.Messaging.InfiniBandDevicePath	/tmp/zephem-depth/r.zig:29:50: error: union 'os.uefi.device_path.DevicePath' has no member named 'DevicePath'
std.os.uefi.DevicePath.DevicePath.Messaging.InfiniBandDevicePath.ResourceFlags	/tmp/zephem-depth/r.zig:29:50: error: union 'os.uefi.device_path.DevicePath' has no member named 'DevicePath'
std.os.uefi.DevicePath.DevicePath.Messaging.UartDevicePath	/tmp/zephem-depth/r.zig:29:50: error: union 'os.uefi.device_path.DevicePath' has no member named 'DevicePath'
std.os.uefi.DevicePath.DevicePath.Media	/tmp/zephem-depth/r.zig:29:50: error: union 'os.uefi.device_path.DevicePath' has no member named 'DevicePath'
std.os.uefi.DevicePath.DevicePath.Media.HardDriveDevicePath	/tmp/zephem-depth/r.zig:29:50: error: union 'os.uefi.device_path.DevicePath' has no member named 'DevicePath'
std.os.uefi.DevicePath.DevicePath.Media.FilePathDevicePath	/tmp/zephem-depth/r.zig:29:50: error: union 'os.uefi.device_path.DevicePath' has no member named 'DevicePath'
std.os.uefi.DevicePath.DevicePath.BiosBootSpecification	/tmp/zephem-depth/r.zig:29:50: error: union 'os.uefi.device_path.DevicePath' has no member named 'DevicePath'
std.os.uefi.DevicePath.DevicePath.BiosBootSpecification.BBS101DevicePath	/tmp/zephem-depth/r.zig:29:50: error: union 'os.uefi.device_path.DevicePath' has no member named 'DevicePath'
std.os.uefi.DevicePath.DevicePath.End	/tmp/zephem-depth/r.zig:29:50: error: union 'os.uefi.device_path.DevicePath' has no member named 'DevicePath'
std.os.uefi.tables.RuntimeServices.RuntimeServices.VariableAuthentication3	/tmp/zephem-depth/r.zig:29:62: error: struct 'os.uefi.tables.runtime_services.RuntimeServices' has no member named 'RuntimeServices'
std.os.uefi.tables.RuntimeServices.RuntimeServices.VariableNameIterator	/tmp/zephem-depth/r.zig:29:62: error: struct 'os.uefi.tables.runtime_services.RuntimeServices' has no member named 'RuntimeServices'
std.os.wasi	/usr/lib/zig/std/os/wasi.zig:25:12: error: dependency on dynamic library 'wasi_snapshot_preview1' requires enabling Position Independent Code; fixed by '-lwasi_snapshot_preview1' or '-fPIC'
std.os.emscripten	/usr/lib/zig/std/os/emscripten.zig:831:12: error: dependency on libc must be explicitly specified in the build command
std.os.windows	/usr/lib/zig/std/os/windows/kernel32.zig:16:12: error: dependency on dynamic library 'kernel32' requires enabling Position Independent Code; fixed by '-lkernel32' or '-fPIC'
std.os.windows.crypt32	/usr/lib/zig/std/os/windows/crypt32.zig:112:12: error: dependency on dynamic library 'crypt32' requires enabling Position Independent Code; fixed by '-lcrypt32' or '-fPIC'
std.os.windows.OBJECT.ATTRIBUTES.Flags	/usr/lib/zig/std/os/windows.zig:124:18: error: no field named 'INHERIT' in struct 'os.windows.OBJECT.ATTRIBUTES'
std.os.windows.AFD	/usr/lib/zig/std/os/windows.zig:1263:34: error: backing integer bit width does not match total bit width of fields
std.os.windows.AFD.TRANSMIT_FILE_INFO	/usr/lib/zig/std/os/windows.zig:1263:34: error: backing integer bit width does not match total bit width of fields
std.os.windows.TDI.ADDRESS	/usr/lib/zig/std/os/windows.zig:1354:19: error: enum tag value '6' for field 'IPX' already taken
std.os.windows.LDR	/usr/lib/zig/std/os/windows.zig:5339:29: error: backing integer bit width does not match total bit width of fields
std.posix	/usr/lib/zig/std/os/linux.zig:68:34: error: root source file struct 'os.linux.x86_64' has no member named 'syscall7'
std.testing	/usr/lib/zig/std/testing.zig:30:27: error: testing allocator used when not testing
