path	redirect_to
std.BufMap.BufMap	std.BufMap
std.BufSet.BufSet	std.BufSet
std.DynLib.DynLib	std.DynLib
std.DynLib.ElfDynLib	std.DynLib
std.DynLib.DlDynLib	std.DynLib
std.crypto.aead.ascon.AsconAead128.AsconAead128	std.crypto.aead.ascon.AsconAead128
std.crypto.aead.ascon.AsconAead128.AsconHash256	std.crypto.aead.ascon.AsconAead128
std.crypto.aead.ascon.AsconAead128.AsconXof128	std.crypto.aead.ascon.AsconAead128
std.crypto.aead.ascon.AsconAead128.AsconCxof128	std.crypto.aead.ascon.AsconAead128
std.crypto.aead.salsa_poly.XSalsa20Poly1305.XSalsa20Poly1305	std.crypto.aead.salsa_poly.XSalsa20Poly1305
std.crypto.aead.salsa_poly.XSalsa20Poly1305.SecretBox	std.crypto.aead.salsa_poly.XSalsa20Poly1305
std.crypto.aead.salsa_poly.XSalsa20Poly1305.Box	std.crypto.aead.salsa_poly.XSalsa20Poly1305
std.crypto.aead.salsa_poly.XSalsa20Poly1305.SealedBox	std.crypto.aead.salsa_poly.XSalsa20Poly1305
std.crypto.dh.X25519.X25519	std.crypto.dh.X25519
std.crypto.kem.kyber_d00.d00	std.crypto.kem.kyber_d00
std.crypto.kem.kyber_d00.nist	std.crypto.kem.kyber_d00
std.crypto.ecc.Edwards25519.Edwards25519	std.crypto.ecc.Edwards25519
std.crypto.ecc.P256.P256	std.crypto.ecc.P256
std.crypto.ecc.P256.AffineCoordinates	std.crypto.ecc.P256
std.crypto.ecc.P384.P384	std.crypto.ecc.P384
std.crypto.ecc.P384.AffineCoordinates	std.crypto.ecc.P384
std.crypto.ecc.Ristretto255.Ristretto255	std.crypto.ecc.Ristretto255
std.crypto.ecc.Secp256k1.Secp256k1	std.crypto.ecc.Secp256k1
std.crypto.ecc.Secp256k1.AffineCoordinates	std.crypto.ecc.Secp256k1
std.crypto.hash.Blake3.Blake3	std.crypto.hash.Blake3
std.crypto.hash.Md5.Md5	std.crypto.hash.Md5
std.crypto.onetimeauth.Poly1305.Poly1305	std.crypto.onetimeauth.Poly1305
std.crypto.sign.Ed25519.Ed25519	std.crypto.sign.Ed25519
std.crypto.codecs.base64.hex	std.crypto.codecs.base64
std.crypto.codecs.base64.base64	std.crypto.codecs.base64
std.json.ObjectMap.Value	std.json.ObjectMap
std.os.linux.io_uring_sqe.io_uring_sqe	std.os.linux.io_uring_sqe
std.os.uefi.protocol.LoadedImage.LoadedImage	std.os.uefi.protocol.LoadedImage
std.os.uefi.protocol.DevicePath.DevicePath	std.os.uefi.protocol.DevicePath
std.os.uefi.protocol.Rng.Rng	std.os.uefi.protocol.Rng
std.os.uefi.protocol.ShellParameters.ShellParameters	std.os.uefi.protocol.ShellParameters
std.os.uefi.protocol.SimpleFileSystem.SimpleFileSystem	std.os.uefi.protocol.SimpleFileSystem
std.os.uefi.protocol.File.File	std.os.uefi.protocol.File
std.os.uefi.protocol.File.File.Info.File	std.os.uefi.protocol.File.File.Info
std.os.uefi.protocol.BlockIo.BlockIo	std.os.uefi.protocol.BlockIo
std.os.uefi.protocol.SimpleTextInput.SimpleTextInput	std.os.uefi.protocol.SimpleTextInput
std.os.uefi.protocol.SimpleTextInputEx.SimpleTextInputEx	std.os.uefi.protocol.SimpleTextInputEx
std.os.uefi.protocol.SimpleTextOutput.SimpleTextOutput	std.os.uefi.protocol.SimpleTextOutput
std.os.uefi.protocol.SimplePointer.SimplePointer	std.os.uefi.protocol.SimplePointer
std.os.uefi.protocol.AbsolutePointer.AbsolutePointer	std.os.uefi.protocol.AbsolutePointer
std.os.uefi.protocol.SerialIo.SerialIo	std.os.uefi.protocol.SerialIo
std.os.uefi.protocol.GraphicsOutput.GraphicsOutput	std.os.uefi.protocol.GraphicsOutput
std.os.uefi.protocol.SimpleNetwork.SimpleNetwork	std.os.uefi.protocol.SimpleNetwork
std.os.uefi.protocol.ManagedNetwork.ManagedNetwork	std.os.uefi.protocol.ManagedNetwork
std.os.uefi.protocol.Ip6.Ip6	std.os.uefi.protocol.Ip6
std.os.uefi.protocol.Ip6Config.Ip6Config	std.os.uefi.protocol.Ip6Config
std.os.uefi.protocol.Udp6.Udp6	std.os.uefi.protocol.Udp6
std.os.uefi.protocol.HiiDatabase.HiiDatabase	std.os.uefi.protocol.HiiDatabase
std.os.uefi.protocol.HiiPopup.HiiPopup	std.os.uefi.protocol.HiiPopup
std.os.uefi.DevicePath.DevicePath	std.os.uefi.DevicePath
std.os.uefi.Status.Status	std.os.uefi.Status
std.os.uefi.tables.BootServices.BootServices	std.os.uefi.tables.BootServices
std.os.uefi.tables.RuntimeServices.RuntimeServices	std.os.uefi.tables.RuntimeServices
std.os.uefi.tables.ConfigurationTable.ConfigurationTable	std.os.uefi.tables.ConfigurationTable
std.os.uefi.tables.SystemTable.SystemTable	std.os.uefi.tables.SystemTable
std.os.windows.NTSTATUS.NTSTATUS	std.os.windows.NTSTATUS
