path	status	n_rows
std	resolved	147
std.BitStack	resolved	9
std.Build	resolved	98
std.Build.Cache	resolved	29
std.Build.Cache.Path	poison	0
std.Build.Cache.Path.TableAdapter	resolved	7
std.Build.Cache.Directory	resolved	7
std.Build.Cache.DepTokenizer	resolved	2
std.Build.Cache.DepTokenizer.Token	resolved	4
std.Build.Cache.File	resolved	4
std.Build.Cache.File.Stat	resolved	1
std.Build.Cache.HashHelper	resolved	10
std.Build.Cache.Lock	resolved	1
std.Build.Cache.Manifest	resolved	129
std.Build.Cache.Manifest.Diagnostic	resolved	1
std.Build.Cache.Manifest.FilesContext	resolved	2
std.Build.Step	resolved	51
std.Build.Step.TestResults	resolved	2
std.Build.Step.Id	resolved	1
std.Build.Step.CheckFile	resolved	4
std.Build.Step.CheckObject	resolved	23
std.Build.Step.ConfigHeader	resolved	10
std.Build.Step.ConfigHeader.Style	resolved	1
std.Build.Step.Fail	resolved	2
std.Build.Step.Fmt	resolved	3
std.Build.Step.InstallArtifact	resolved	3
std.Build.Step.InstallArtifact.Options	resolved	1
std.Build.Step.InstallDir	resolved	3
std.Build.Step.InstallFile	resolved	2
std.Build.Step.ObjCopy	resolved	11
std.Build.Step.Compile	resolved	44
std.Build.Step.Compile.Kind	resolved	1
std.Build.Step.Compile.HeaderInstallation	resolved	4
std.Build.Step.Compile.HeaderInstallation.File	resolved	1
std.Build.Step.Compile.HeaderInstallation.Directory	resolved	2
std.Build.Step.Compile.HeaderInstallation.Directory.Options	resolved	1
std.Build.Step.Options	resolved	6
std.Build.Step.Run	resolved	49
std.Build.Step.Run.StdIo	resolved	1
std.Build.Step.Run.CapturedStdIo	resolved	2
std.Build.Step.Run.CachedTestMetadata	resolved	1
std.Build.Step.TranslateC	resolved	17
std.Build.Step.WriteFile	resolved	10
std.Build.Step.WriteFile.Directory	resolved	1
std.Build.Step.WriteFile.Directory.Options	resolved	2
std.Build.Step.UpdateSourceFiles	resolved	6
std.Build.Step.Inputs	resolved	181
std.Build.Step.ZigProcess	resolved	3
std.Build.Module	resolved	41
std.Build.Module.SystemLib	resolved	2
std.Build.Module.CSourceLanguage	resolved	1
std.Build.Module.CSourceFile	resolved	1
std.Build.Module.RcSourceFile	resolved	1
std.Build.Module.IncludeDir	resolved	1
std.Build.Watch	resolved	7
std.Build.Watch.Match	resolved	1
std.Build.Watch.Match.Context	resolved	2
std.Build.Watch.Timeout	resolved	2
std.Build.Fuzz	resolved	8
std.Build.Fuzz.Mode	resolved	1
std.Build.Fuzz.Previous	resolved	1
std.Build.WebServer	resolved	17
std.Build.abi	resolved	9
std.Build.abi.Hello	resolved	1
std.Build.abi.StepUpdate	resolved	1
std.Build.abi.fuzz	poison	0
std.Build.abi.fuzz.Uid	resolved	1
std.Build.abi.fuzz.Uid.hashmap_ctx	resolved	2
std.Build.abi.fuzz.Slice	resolved	2
std.Build.abi.fuzz.MutSlice	resolved	2
std.Build.abi.fuzz.Weights	resolved	2
std.Build.abi.fuzz.Weight	resolved	3
std.Build.abi.fuzz.SeenPcsHeader	resolved	5
std.Build.abi.fuzz.CoverageUpdateHeader	resolved	1
std.Build.abi.fuzz.EntryPointHeader	resolved	2
std.Build.abi.time_report	resolved	3
std.Build.abi.time_report.CompileResult	resolved	2
std.Build.abi.time_report.CompileResult.Stats	resolved	1
std.Build.Dependency	resolved	5
std.Build.GeneratedFile	resolved	3
std.Build.LazyPath	resolved	11
std.Build.InstallDir	resolved	1
std.BufMap	resolved	9
std.BufMap.BufMap	redirect	0
std.BufSet	resolved	12
std.BufSet.BufSet	redirect	0
std.Deque	resolved	1
std.DoublyLinkedList	resolved	10
std.DynLib	resolved	5
std.DynLib.DynLib	redirect	0
std.DynLib.ElfDynLib	redirect	0
std.DynLib.ElfDynLib.GnuHashSection32	poison	0
std.DynLib.ElfDynLib.GnuHashSection64	poison	0
std.DynLib.DlDynLib	redirect	0
std.Io	poison	0
std.Io.Threaded	resolved	75
std.Io.Threaded.Csprng	resolved	3
std.Io.Threaded.Environ	resolved	5
std.Io.Threaded.WindowsPathSpace	resolved	2
std.Io.Threaded.CreatePipeOptions	resolved	1
std.Io.fiber	resolved	4
std.Io.Dispatch	poison	0
std.Io.Kqueue	poison	0
std.Io.Uring	resolved	10
std.Io.Reader	resolved	90
std.Io.Reader.Limited	resolved	1
std.Io.Writer	resolved	88
std.Io.Writer.Discarding	resolved	4
std.Io.Writer.Allocating	resolved	18
std.Io.net	resolved	18
std.Io.net.HostName	resolved	18
std.Io.net.HostName.DnsResponse	resolved	4
std.Io.net.HostName.ResolvConf	resolved	4
std.Io.net.IpAddress	resolved	23
std.Io.net.Ip4Address	resolved	8
std.Io.net.Ip6Address	resolved	20
std.Io.net.Ip6Address.Unresolved	resolved	3
std.Io.net.UnixAddress	resolved	9
std.Io.net.IncomingMessage	resolved	2
std.Io.net.Interface	resolved	5
std.Io.net.Interface.Name	resolved	6
std.Io.net.Socket	resolved	15
std.Io.net.Stream	resolved	6
std.Io.net.Stream.Reader	resolved	2
std.Io.net.Stream.Writer	resolved	3
std.Io.net.Server	resolved	4
std.Io.Dir	resolved	171
std.Io.Dir.Reader	resolved	7
std.Io.Dir.Iterator	resolved	4
std.Io.Dir.SelectiveWalker	resolved	5
std.Io.Dir.Walker	resolved	4
std.Io.Dir.Walker.Entry	resolved	1
std.Io.Dir.OpenFileOptions	resolved	3
std.Io.File	resolved	83
std.Io.File.Reader	resolved	14
std.Io.File.Reader.Mode	resolved	2
std.Io.File.Writer	resolved	19
std.Io.File.Atomic	resolved	6
std.Io.File.MemoryMap	resolved	9
std.Io.File.MultiReader	resolved	14
std.Io.File.MultiReader.Streams	resolved	2
std.Io.File.SetTimestamp	resolved	1
std.Io.Terminal	resolved	4
std.Io.Terminal.Mode	resolved	2
std.Io.RwLock	resolved	9
std.Io.Semaphore	resolved	3
std.Io.Operation	resolved	10
std.Io.Operation.FileReadStreaming	resolved	3
std.Io.Operation.FileWriteStreaming	resolved	2
std.Io.Operation.NetReceive	resolved	2
std.Io.Operation.Storage	resolved	3
std.Io.Operation.Storage.Pending	resolved	1
std.Io.Operation.OptionalIndex	resolved	2
std.Io.Operation.List	resolved	3
std.Io.Batch	resolved	9
std.Io.Limit	resolved	13
std.Io.Clock	resolved	5
std.Io.Clock.Timestamp	resolved	10
std.Io.Clock.Duration	resolved	1
std.Io.Timestamp	resolved	13
std.Io.Duration	resolved	11
std.Io.Timeout	resolved	5
std.Io.Group	resolved	5
std.Io.Mutex	resolved	6
std.Io.Condition	resolved	5
std.Io.Event	resolved	7
std.Io.TypeErasedQueue	resolved	6
std.Io.LockedStderr	resolved	2
std.MultiArrayList	resolved	1
std.PriorityQueue	resolved	1
std.PriorityDequeue	resolved	1
std.Progress	resolved	12
std.Progress.Ipc	resolved	3
std.Progress.TerminalMode	resolved	1
std.Progress.Node	resolved	16
std.Progress.Node.OptionalIndex	resolved	1
std.Progress.Node.Index	resolved	1
std.Random	resolved	47
std.Random.Ascon	resolved	5
std.Random.ChaCha	resolved	5
std.Random.Isaac64	resolved	3
std.Random.Pcg	resolved	3
std.Random.Xoroshiro128	resolved	6
std.Random.Xoshiro256	resolved	6
std.Random.Sfc64	resolved	3
std.Random.RomuTrio	resolved	5
std.Random.SplitMix64	resolved	2
std.Random.ziggurat	resolved	15
std.Random.lcg	resolved	1
std.Random.IoSource	resolved	1
std.SemanticVersion	resolved	4
std.SemanticVersion.Range	resolved	2
std.SinglyLinkedList	resolved	5
std.SinglyLinkedList.Node	resolved	5
std.Target	resolved	106
std.Target.Query	resolved	24
std.Target.Query.CpuModel	resolved	1
std.Target.Query.OsVersion	resolved	2
std.Target.Query.ParseOptions	resolved	1
std.Target.Os	resolved	8
std.Target.Os.Tag	resolved	8
std.Target.Os.WindowsVersion	resolved	6
std.Target.Os.WindowsVersion.Range	resolved	2
std.Target.Os.HurdVersionRange	resolved	2
std.Target.Os.LinuxVersionRange	resolved	2
std.Target.Os.VersionRange	resolved	1
std.Target.Os.TaggedVersionRange	resolved	1
std.Target.aarch64	resolved	7
std.Target.aarch64.cpu	resolved	95
std.Target.alpha	resolved	7
std.Target.alpha.cpu	resolved	7
std.Target.amdgcn	resolved	7
std.Target.amdgcn.cpu	resolved	72
std.Target.arc	resolved	7
std.Target.arc.cpu	resolved	1
std.Target.arm	resolved	7
std.Target.arm.cpu	resolved	98
std.Target.avr	resolved	7
std.Target.avr.cpu	resolved	380
std.Target.bpf	resolved	7
std.Target.bpf.cpu	resolved	6
std.Target.csky	resolved	7
std.Target.csky.cpu	resolved	152
std.Target.hexagon	resolved	7
std.Target.hexagon.cpu	resolved	16
std.Target.hppa	resolved	7
std.Target.hppa.cpu	resolved	17
std.Target.kalimba	resolved	7
std.Target.kalimba.cpu	resolved	1
std.Target.kvx	resolved	7
std.Target.kvx.cpu	resolved	2
std.Target.lanai	resolved	7
std.Target.lanai.cpu	resolved	2
std.Target.loongarch	resolved	7
std.Target.loongarch.cpu	resolved	6
std.Target.m68k	resolved	7
std.Target.m68k.cpu	resolved	7
std.Target.mips	resolved	7
std.Target.mips.cpu	resolved	22
std.Target.msp430	resolved	7
std.Target.msp430.cpu	resolved	3
std.Target.nvptx	resolved	7
std.Target.nvptx.cpu	resolved	36
std.Target.powerpc	resolved	7
std.Target.powerpc.cpu	resolved	38
std.Target.propeller	resolved	7
std.Target.propeller.cpu	resolved	2
std.Target.riscv	resolved	7
std.Target.riscv.cpu	resolved	53
std.Target.s390x	resolved	7
std.Target.s390x.cpu	resolved	17
std.Target.sparc	resolved	7
std.Target.sparc.cpu	resolved	40
std.Target.spirv	resolved	7
std.Target.spirv.cpu	resolved	3
std.Target.ve	resolved	7
std.Target.ve.cpu	resolved	1
std.Target.wasm	resolved	7
std.Target.wasm.cpu	resolved	4
std.Target.x86	resolved	7
std.Target.x86.cpu	resolved	100
std.Target.xcore	resolved	7
std.Target.xcore.cpu	resolved	2
std.Target.xtensa	resolved	7
std.Target.xtensa.cpu	resolved	1
std.Target.Abi	resolved	7
std.Target.ObjectFormat	resolved	2
std.Target.Cpu	resolved	7
std.Target.Cpu.Feature	resolved	2
std.Target.Cpu.Feature.Set	resolved	17
std.Target.Cpu.Arch	resolved	32
std.Target.Cpu.Model	resolved	3
std.Target.DynamicLinker	resolved	10
std.Thread	resolved	20
std.Thread.SpawnConfig	resolved	1
std.Treap	resolved	1
std.Uri	resolved	16
std.Uri.Component	resolved	13
std.Uri.Format	resolved	2
std.Uri.Format.Flags	resolved	1
std.array_list	resolved	3
std.array_hash_map	resolved	14
std.array_hash_map.StringContext	resolved	2
std.atomic	resolved	5
std.atomic.Mutex	resolved	2
std.base64	resolved	11
std.base64.Base64Encoder	resolved	4
std.base64.Base64Decoder	resolved	4
std.base64.Base64DecoderWithIgnore	resolved	3
std.bit_set	resolved	7
std.bit_set.DynamicBitSetUnmanaged	resolved	29
std.bit_set.DynamicBitSet	resolved	25
std.bit_set.IteratorOptions	resolved	2
std.builtin	resolved	66
std.builtin.assembly	resolved	1
std.builtin.CallingConvention	poison	0
std.builtin.CallingConvention.ArcInterruptOptions	resolved	1
std.builtin.CallingConvention.ArmInterruptOptions	resolved	1
std.builtin.CallingConvention.MicroblazeInterruptOptions	resolved	1
std.builtin.CallingConvention.MipsInterruptOptions	resolved	1
std.builtin.CallingConvention.RiscvInterruptOptions	resolved	1
std.builtin.CallingConvention.ShInterruptOptions	resolved	1
std.builtin.Type	resolved	21
std.builtin.Type.Pointer	resolved	3
std.builtin.Type.Array	resolved	1
std.builtin.Type.StructField	resolved	2
std.builtin.Type.Enum	resolved	1
std.builtin.Type.UnionField	resolved	1
std.builtin.Type.Fn	resolved	2
std.builtin.Type.Fn.Param	resolved	1
std.builtin.Endian	resolved	2
std.builtin.PrefetchOptions	resolved	2
std.builtin.ExternOptions	resolved	2
std.builtin.ExternOptions.Decoration	resolved	1
std.c	poison	0
std.coff	resolved	40
std.coff.Header	resolved	1
std.coff.OptionalHeader	resolved	3
std.coff.ImportLookupEntry32	resolved	4
std.coff.ImportLookupEntry64	resolved	4
std.coff.SectionHeader	resolved	7
std.coff.SectionHeader.Flags	resolved	1
std.coff.SectionHeader.Flags.Align	resolved	2
std.coff.Symbol	resolved	3
std.coff.FileDefinition	resolved	1
std.coff.WeakExternalDefinition	resolved	1
std.coff.Coff	resolved	18
std.coff.Symtab	resolved	6
std.coff.Symtab.Slice	resolved	1
std.coff.Strtab	resolved	1
std.coff.IMAGE	resolved	3
std.coff.IMAGE.DIRECTORY_ENTRY	resolved	1
std.coff.IMAGE.FILE	resolved	1
std.coff.IMAGE.FILE.MACHINE	resolved	1
std.coff.IMAGE.REL	resolved	9
std.compress	resolved	5
std.compress.flate	resolved	5
std.compress.flate.Compress	resolved	7
std.compress.flate.Compress.Options	resolved	12
std.compress.flate.Compress.Raw	resolved	1
std.compress.flate.Compress.Huffman	resolved	1
std.compress.flate.Decompress	resolved	12
std.compress.flate.Container	resolved	8
std.compress.flate.Container.Hasher	resolved	4
std.compress.flate.Container.Metadata	resolved	2
std.compress.lzma	resolved	3
std.compress.lzma.RangeDecoder	resolved	6
std.compress.lzma.Decode	resolved	12
std.compress.lzma.Decode.CircularBuffer	resolved	9
std.compress.lzma.Decode.LenDecoder	resolved	2
std.compress.lzma.Decode.Vec2d	resolved	3
std.compress.lzma.Decode.Params	resolved	1
std.compress.lzma.Decompress	resolved	5
std.compress.lzma2	resolved	2
std.compress.lzma2.AccumBuffer	resolved	9
std.compress.lzma2.Decode	resolved	3
std.compress.xz	resolved	1
std.compress.xz.Decompress	resolved	7
std.compress.zstd	resolved	15
std.compress.zstd.Decompress	resolved	7
std.compress.zstd.Decompress.Frame	resolved	5
std.compress.zstd.Decompress.Frame.Magic	resolved	2
std.compress.zstd.Decompress.Frame.Zstandard	resolved	4
std.compress.zstd.Decompress.Frame.Zstandard.Header	resolved	4
std.compress.zstd.Decompress.Frame.Zstandard.Block	resolved	2
std.compress.zstd.Decompress.Frame.Zstandard.Decode	resolved	3
std.compress.zstd.Decompress.Frame.Skippable	resolved	3
std.compress.zstd.Decompress.LiteralsSection	resolved	8
std.compress.zstd.Decompress.LiteralsSection.Header	resolved	1
std.compress.zstd.Decompress.LiteralsSection.HuffmanTree	resolved	6
std.compress.zstd.Decompress.SequencesSection	resolved	1
std.compress.zstd.Decompress.SequencesSection.Header	resolved	3
std.compress.zstd.Decompress.Table	resolved	6
std.compress.zstd.table_accuracy_log_max	resolved	3
std.compress.zstd.table_symbol_count_max	resolved	3
std.compress.zstd.default_accuracy_log	resolved	3
std.compress.zstd.table_size_max	resolved	3
std.static_string_map	resolved	4
std.crypto	resolved	22
std.crypto.timing_safe	resolved	6
std.crypto.aead	resolved	10
std.crypto.aead.aegis	resolved	84
std.crypto.aead.aes_gcm	resolved	7
std.crypto.aead.aes_gcm.Aes128Gcm	resolved	5
std.crypto.aead.aes_gcm_siv	resolved	7
std.crypto.aead.aes_gcm_siv.Aes128GcmSiv	resolved	5
std.crypto.aead.aes_siv	resolved	8
std.crypto.aead.aes_siv.Aes128Siv	resolved	6
std.crypto.aead.aes_ocb	resolved	7
std.crypto.aead.aes_ocb.Aes128Ocb	resolved	5
std.crypto.aead.aes_ccm	resolved	36
std.crypto.aead.ascon	resolved	1
std.crypto.aead.ascon.AsconAead128	resolved	6
std.crypto.aead.ascon.AsconAead128.AsconAead128	redirect	0
std.crypto.aead.ascon.AsconAead128.AsconHash256	redirect	0
std.crypto.aead.ascon.AsconAead128.AsconXof128	redirect	0
std.crypto.aead.ascon.AsconAead128.AsconCxof128	redirect	0
std.crypto.aead.chacha_poly	resolved	31
std.crypto.aead.chacha_poly.ChaCha20Poly1305	resolved	5
std.crypto.aead.isap	resolved	1
std.crypto.aead.isap.IsapA128A	resolved	5
std.crypto.aead.salsa_poly	resolved	1
std.crypto.aead.salsa_poly.XSalsa20Poly1305	resolved	5
std.crypto.aead.salsa_poly.XSalsa20Poly1305.XSalsa20Poly1305	redirect	0
std.crypto.aead.salsa_poly.XSalsa20Poly1305.SecretBox	redirect	0
std.crypto.aead.salsa_poly.XSalsa20Poly1305.Box	redirect	0
std.crypto.aead.salsa_poly.XSalsa20Poly1305.SealedBox	redirect	0
std.crypto.auth	resolved	5
std.crypto.auth.hmac	resolved	18
std.crypto.auth.hmac.sha2	resolved	32
std.crypto.auth.siphash	resolved	2
std.crypto.auth.aegis	resolved	132
std.crypto.auth.cmac	resolved	9
std.crypto.auth.cbc_mac	resolved	9
std.crypto.core	resolved	4
std.crypto.core.aes	resolved	30
std.crypto.core.keccak	resolved	2
std.crypto.core.modes	resolved	2
std.crypto.dh	resolved	1
std.crypto.dh.X25519	resolved	24
std.crypto.dh.X25519.X25519	redirect	0
std.crypto.dh.X25519.X25519.Curve	poison	0
std.crypto.dh.X25519.X25519.Curve.Curve25519	poison	0
std.crypto.dh.X25519.X25519.Curve.Curve25519.Fe	poison	0
std.crypto.dh.X25519.X25519.Curve.Curve25519.Fe.Fe	poison	0
std.crypto.dh.X25519.X25519.Curve.Curve25519.scalar	poison	0
std.crypto.dh.X25519.X25519.Curve.Curve25519.scalar.Scalar	poison	0
std.crypto.dh.X25519.X25519.KeyPair	poison	0
std.crypto.kem	resolved	6
std.crypto.kem.hybrid	resolved	17
std.crypto.kem.kyber_d00	resolved	30
std.crypto.kem.kyber_d00.d00	redirect	0
std.crypto.kem.kyber_d00.nist	redirect	0
std.crypto.ecc	resolved	18
std.crypto.ecc.Edwards25519	resolved	74
std.crypto.ecc.Edwards25519.Edwards25519	redirect	0
std.crypto.ecc.P256	resolved	64
std.crypto.ecc.P256.P256	redirect	0
std.crypto.ecc.P256.P256.Fe	poison	0
std.crypto.ecc.P256.P256.scalar	poison	0
std.crypto.ecc.P256.P256.scalar.Scalar	poison	0
std.crypto.ecc.P256.AffineCoordinates	redirect	0
std.crypto.ecc.P384	resolved	63
std.crypto.ecc.P384.P384	redirect	0
std.crypto.ecc.P384.P384.Fe	poison	0
std.crypto.ecc.P384.P384.scalar	poison	0
std.crypto.ecc.P384.P384.scalar.Scalar	poison	0
std.crypto.ecc.P384.AffineCoordinates	redirect	0
std.crypto.ecc.Ristretto255	resolved	88
std.crypto.ecc.Ristretto255.Ristretto255	redirect	0
std.crypto.ecc.Secp256k1	resolved	67
std.crypto.ecc.Secp256k1.Secp256k1	redirect	0
std.crypto.ecc.Secp256k1.Secp256k1.Fe	poison	0
std.crypto.ecc.Secp256k1.Secp256k1.scalar	poison	0
std.crypto.ecc.Secp256k1.Secp256k1.scalar.Scalar	poison	0
std.crypto.ecc.Secp256k1.Secp256k1.Endormorphism	poison	0
std.crypto.ecc.Secp256k1.AffineCoordinates	redirect	0
std.crypto.hash	resolved	8
std.crypto.hash.ascon	resolved	23
std.crypto.hash.blake2	resolved	101
std.crypto.hash.Blake3	resolved	13
std.crypto.hash.Blake3.Blake3	redirect	0
std.crypto.hash.Md5	resolved	8
std.crypto.hash.Md5.Md5	redirect	0
std.crypto.hash.Sha1	resolved	9
std.crypto.hash.sha2	resolved	90
std.crypto.hash.sha3	resolved	163
std.crypto.hash.sha3.NistLengthEncoding	resolved	2
std.crypto.hash.sha3.NistLengthEncoding.Length	resolved	1
std.crypto.hash.composition	resolved	25
std.crypto.kdf	resolved	1
std.crypto.kdf.hkdf	resolved	11
std.crypto.onetimeauth	resolved	12
std.crypto.onetimeauth.Ghash	resolved	9
std.crypto.onetimeauth.Poly1305	resolved	8
std.crypto.onetimeauth.Poly1305.Poly1305	redirect	0
std.crypto.pwhash	resolved	9
std.crypto.pwhash.argon2	resolved	7
std.crypto.pwhash.argon2.Params	resolved	8
std.crypto.pwhash.bcrypt	resolved	12
std.crypto.pwhash.bcrypt.Params	resolved	1
std.crypto.pwhash.scrypt	resolved	8
std.crypto.pwhash.scrypt.Params	resolved	4
std.crypto.pwhash.pbkdf2	resolved	1
std.crypto.pwhash.phc_format	resolved	5
std.crypto.sign	resolved	3
std.crypto.sign.Ed25519	resolved	69
std.crypto.sign.Ed25519.Ed25519	redirect	0
std.crypto.sign.Ed25519.Ed25519.SecretKey	poison	0
std.crypto.sign.Ed25519.Ed25519.Signer	poison	0
std.crypto.sign.Ed25519.Ed25519.PublicKey	poison	0
std.crypto.sign.Ed25519.Ed25519.Verifier	poison	0
std.crypto.sign.Ed25519.Ed25519.Signature	poison	0
std.crypto.sign.Ed25519.Ed25519.KeyPair	poison	0
std.crypto.sign.Ed25519.Ed25519.key_blinding	poison	0
std.crypto.sign.Ed25519.Ed25519.key_blinding.BlindPublicKey	poison	0
std.crypto.sign.Ed25519.Ed25519.key_blinding.BlindKeyPair	poison	0
std.crypto.sign.ecdsa	resolved	49
std.crypto.sign.mldsa	resolved	54
std.crypto.stream	resolved	2
std.crypto.stream.chacha	resolved	54
std.crypto.stream.salsa	resolved	10
std.crypto.nacl	resolved	25
std.crypto.ff	resolved	8
std.crypto.codecs	resolved	7
std.crypto.codecs.asn1	resolved	10
std.crypto.codecs.asn1.der	resolved	4
std.crypto.codecs.asn1.der.Decoder	resolved	4
std.crypto.codecs.asn1.der.Encoder	poison	0
std.crypto.codecs.asn1.Oid	resolved	8
std.crypto.codecs.asn1.Tag	resolved	8
std.crypto.codecs.asn1.Element	resolved	3
std.crypto.codecs.asn1.Element.Slice	resolved	2
std.crypto.codecs.asn1.ExpectedTag	resolved	3
std.crypto.codecs.asn1.FieldTag	resolved	4
std.crypto.codecs.asn1.BitString	resolved	3
std.crypto.codecs.asn1.Any	resolved	2
std.crypto.codecs.base64	resolved	14
std.crypto.codecs.base64.hex	redirect	0
std.crypto.codecs.base64.hex.DecoderWithIgnore	poison	0
std.crypto.codecs.base64.base64	redirect	0
std.crypto.codecs.base64.base64.Variant	poison	0
std.crypto.codecs.base64.base64.DecoderWithIgnore	poison	0
std.crypto.errors	resolved	14
std.crypto.tls	resolved	32
std.crypto.tls.Client	resolved	8
std.crypto.tls.Client.Options	resolved	1
std.crypto.tls.Alert	resolved	2
std.crypto.tls.Alert.Description	resolved	2
std.crypto.tls.CipherSuite	resolved	2
std.crypto.tls.Decoder	resolved	11
std.crypto.Certificate	resolved	30
std.crypto.Certificate.Bundle	resolved	19
std.crypto.Certificate.Algorithm	resolved	2
std.crypto.Certificate.AlgorithmCategory	resolved	1
std.crypto.Certificate.Attribute	resolved	1
std.crypto.Certificate.NamedCurve	resolved	2
std.crypto.Certificate.ExtensionId	resolved	1
std.crypto.Certificate.Parsed	resolved	16
std.crypto.Certificate.der	resolved	5
std.crypto.Certificate.der.Element	resolved	3
std.crypto.Certificate.der.Element.Slice	resolved	1
std.crypto.Certificate.rsa	resolved	3
std.crypto.Certificate.rsa.PSSSignature	resolved	4
std.crypto.Certificate.rsa.PKCS1v1_5Signature	resolved	4
std.crypto.Certificate.rsa.PublicKey	resolved	4
std.debug	resolved	69
std.debug.Dwarf	resolved	30
std.debug.Dwarf.expression	resolved	5
std.debug.Dwarf.Unwind	resolved	11
std.debug.Dwarf.Unwind.VirtualMachine	resolved	10
std.debug.Dwarf.Unwind.VirtualMachine.Instruction	resolved	1
std.debug.Dwarf.Unwind.EhFrameHeader	resolved	2
std.debug.Dwarf.Unwind.CommonInformationEntry	resolved	1
std.debug.Dwarf.SelfUnwinder	resolved	7
std.debug.Dwarf.SelfUnwinder.CacheEntry	resolved	3
std.debug.Dwarf.Section	resolved	1
std.debug.Dwarf.CompileUnit	resolved	1
std.debug.Dwarf.CompileUnit.SrcLocCache	resolved	108
std.debug.Dwarf.CompileUnit.SrcLocCache.LineEntry	resolved	2
std.debug.Dwarf.Die	resolved	1
std.debug.Pdb	resolved	21
std.debug.Pdb.Module	resolved	1
std.debug.Pdb.InlineSiteSymIterator	resolved	1
std.debug.Pdb.BinaryAnnotation	resolved	7
std.debug.Pdb.BinaryAnnotation.RangeIterator	resolved	3
std.debug.Pdb.BinaryAnnotation.RangeIterator.Range	resolved	1
std.debug.Pdb.BinaryAnnotation.Iterator	resolved	2
std.debug.ElfFile	resolved	7
std.debug.ElfFile.DebugInfoSearchPaths	resolved	2
std.debug.MachOFile	resolved	5
std.debug.Info	resolved	5
std.debug.Coverage	resolved	10
std.debug.Coverage.String	resolved	2
std.debug.Coverage.String.MapContext	resolved	2
std.debug.Coverage.String.SliceAdapter	resolved	2
std.debug.Coverage.SourceLocation	resolved	1
std.debug.Coverage.File	resolved	3
std.debug.Coverage.File.MapContext	resolved	2
std.debug.Coverage.File.SliceAdapter	resolved	3
std.debug.cpu_context	resolved	9
std.debug.simple_panic	resolved	26
std.debug.no_panic	resolved	26
std.debug.SourceLocation	resolved	1
std.debug.Symbol	resolved	1
std.debug.FormatStackTrace	resolved	1
std.debug.SafetyLock	resolved	5
std.dwarf	resolved	18
std.dwarf.TAG	resolved	93
std.dwarf.AT	resolved	203
std.dwarf.OP	resolved	192
std.dwarf.LANG	resolved	70
std.dwarf.FORM	resolved	47
std.dwarf.ATE	resolved	37
std.dwarf.EH	resolved	1
std.dwarf.EH.PE	resolved	3
std.dwarf.LLE	resolved	9
std.dwarf.CFA	resolved	32
std.dwarf.CHILDREN	resolved	2
std.dwarf.LNS	resolved	13
std.dwarf.LNE	resolved	8
std.dwarf.UT	resolved	8
std.dwarf.LNCT	resolved	8
std.dwarf.RLE	resolved	8
std.dwarf.CC	resolved	2
std.dwarf.ACCESS	resolved	3
std.elf	poison	0
std.elf.Versym	resolved	2
std.elf.PT	resolved	12
std.elf.SHT	resolved	13
std.elf.STB	resolved	7
std.elf.STT	poison	0
std.elf.ET	resolved	4
std.elf.Header	resolved	9
std.elf.ProgramHeaderIterator	resolved	1
std.elf.ProgramHeaderBufferIterator	resolved	1
std.elf.SectionHeaderIterator	resolved	1
std.elf.SectionHeaderBufferIterator	resolved	1
std.elf.DynamicSectionIterator	resolved	1
std.elf.DynamicSectionBufferIterator	resolved	1
std.elf.EI	resolved	7
std.elf.Elf32	resolved	9
std.elf.Elf32.Sym	resolved	2
std.elf.Elf32.Rel	resolved	1
std.elf.Elf32.Rela	resolved	1
std.elf.Elf64	resolved	9
std.elf.Elf64.Sym	resolved	2
std.elf.Elf64.Rel	resolved	1
std.elf.Elf64.Rela	resolved	1
std.elf.Elf32_Sym	resolved	2
std.elf.Elf64_Sym	resolved	2
std.elf.Elf32_Rel	resolved	2
std.elf.Elf64_Rel	resolved	2
std.elf.Elf32_Rela	resolved	2
std.elf.Elf64_Rela	resolved	2
std.elf.CLASS	resolved	2
std.elf.DATA	resolved	1
std.elf.ar_hdr	resolved	9
std.elf.gnu_hash	resolved	3
std.enums	resolved	14
std.fmt	resolved	36
std.fmt.float	resolved	13
std.fmt.Options	resolved	1
std.fmt.Number	resolved	1
std.fmt.Number.Mode	resolved	1
std.fmt.Placeholder	resolved	1
std.fmt.Parser	resolved	6
std.fmt.ArgState	resolved	2
std.fmt.parseFloat	resolved	1
std.fs	resolved	6
std.fs.path	resolved	60
std.fs.path.PathType	resolved	1
std.fs.path.WindowsPath	resolved	1
std.gpu	poison	0
std.gpu.ExecutionMode	resolved	2
std.hash	resolved	77
std.hash.Adler32	resolved	3
std.hash.crc	poison	0
std.hash.murmur	resolved	3
std.hash.murmur.Murmur2_32	resolved	6
std.hash.murmur.Murmur2_64	resolved	6
std.hash.murmur.Murmur3_32	resolved	6
std.hash.cityhash	resolved	2
std.hash.cityhash.CityHash32	resolved	1
std.hash.cityhash.CityHash64	resolved	3
std.hash_map	resolved	15
std.hash_map.StringContext	resolved	2
std.hash_map.StringIndexContext	resolved	2
std.hash_map.StringIndexAdapter	resolved	2
std.heap	poison	0
std.heap.ArenaAllocator	resolved	7
std.heap.ArenaAllocator.State	resolved	2
std.heap.SmpAllocator	resolved	1
std.heap.FixedBufferAllocator	resolved	11
std.heap.PageAllocator	resolved	4
std.heap.BrkAllocator	poison	0
std.heap.DebugAllocatorConfig	resolved	0
std.heap.memory_pool	resolved	6
std.http	resolved	15
std.http.Client	poison	0
std.http.Client.ConnectionPool	resolved	8
std.http.Client.Protocol	resolved	2
std.http.Client.Connection	resolved	8
std.http.Client.Response	resolved	5
std.http.Client.Response.Head	resolved	3
std.http.Client.Request	resolved	12
std.http.Client.Request.Headers	resolved	1
std.http.Client.Request.RedirectBehavior	resolved	3
std.http.Client.basic_authorization	resolved	7
std.http.Client.FetchOptions	resolved	1
std.http.Server	resolved	5
std.http.Server.Request	resolved	16
std.http.Server.Request.Head	resolved	2
std.http.Server.WebSocket	resolved	11
std.http.HeadParser	resolved	2
std.http.ChunkParser	resolved	3
std.http.HeaderIterator	resolved	2
std.http.Method	resolved	5
std.http.Status	resolved	3
std.http.ContentEncoding	resolved	2
std.http.Reader	resolved	7
std.http.Reader.RemainingChunkLen	resolved	2
std.http.Decompress	resolved	1
std.http.BodyWriter	resolved	17
std.http.BodyWriter.State	resolved	1
std.json	resolved	104
std.json.ObjectMap	resolved	145
std.json.ObjectMap.Value	redirect	0
std.json.ArrayHashMap	resolved	1
std.json.Scanner	resolved	31
std.json.Scanner.Diagnostics	resolved	3
std.json.Scanner.Reader	resolved	17
std.json.ParseOptions	resolved	0
std.json.Stringify	resolved	18
std.leb	resolved	3
std.log	resolved	19
std.log.Level	resolved	1
std.macho	resolved	312
std.macho.segment_command_64	resolved	2
std.macho.PROT	poison	0
std.macho.section_64	resolved	10
std.macho.nlist_64	resolved	1
std.macho.LoadCommandIterator	resolved	3
std.macho.LoadCommandIterator.LoadCommand	resolved	5
std.math	resolved	140
std.math.isNan	resolved	1
std.math.frexp	resolved	1
std.math.modf	resolved	1
std.math.copysign	resolved	1
std.math.isFinite	resolved	1
std.math.isInf	resolved	1
std.math.isPositiveZero	resolved	1
std.math.isNormal	resolved	1
std.math.nextAfter	resolved	1
std.math.signbit	resolved	1
std.math.scalbn	resolved	1
std.math.scalbn.scalbn	poison	0
std.math.pow	resolved	1
std.math.powi	resolved	1
std.math.sqrt	resolved	1
std.math.cbrt	resolved	1
std.math.acos	resolved	1
std.math.asin	resolved	1
std.math.atan	resolved	1
std.math.atan2	resolved	1
std.math.hypot	resolved	1
std.math.expm1	resolved	1
std.math.ilogb	resolved	1
std.math.log	resolved	1
std.math.log2	resolved	1
std.math.log10	resolved	1
std.math.log_int	resolved	1
std.math.log1p	resolved	1
std.math.asinh	resolved	1
std.math.acosh	resolved	1
std.math.atanh	resolved	1
std.math.sinh	resolved	1
std.math.cosh	resolved	1
std.math.tanh	resolved	1
std.math.gcd	resolved	1
std.math.lcm	resolved	1
std.math.gamma	resolved	1
std.math.complex	resolved	21
std.math.complex.abs	resolved	1
std.math.complex.acosh	resolved	1
std.math.complex.acos	resolved	1
std.math.complex.arg	resolved	1
std.math.complex.asinh	resolved	1
std.math.complex.asin	resolved	1
std.math.complex.atanh	resolved	1
std.math.complex.atan	resolved	1
std.math.complex.conj	resolved	1
std.math.complex.cosh	resolved	1
std.math.complex.cos	resolved	1
std.math.complex.exp	resolved	1
std.math.complex.log	resolved	1
std.math.complex.pow	resolved	1
std.math.complex.proj	resolved	1
std.math.complex.sinh	resolved	1
std.math.complex.sin	resolved	1
std.math.complex.sqrt	resolved	1
std.math.complex.tanh	resolved	1
std.math.complex.tan	resolved	1
std.math.big	resolved	7
std.math.big.int	resolved	20
std.math.big.int.Mutable	resolved	52
std.math.big.int.Const	resolved	34
std.math.big.int.Managed	resolved	72
std.math.Order	resolved	3
std.math.CompareOperator	resolved	1
std.math.F80	resolved	2
std.mem	resolved	153
std.mem.Allocator	resolved	28
std.mem.Alignment	resolved	11
std.meta	resolved	28
std.meta.TrailerFlags	resolved	1
std.os	resolved	6
std.os.linux	poison	0
std.os.linux.tls	resolved	4
std.os.linux.BPF	resolved	114
std.os.linux.BPF.btf	resolved	20
std.os.linux.BPF.btf.ext	resolved	2
std.os.linux.BPF.kern	resolved	42
std.os.linux.BPF.Insn	resolved	45
std.os.linux.IOCTL	resolved	5
std.os.linux.SECCOMP	resolved	15
std.os.linux.SECCOMP.MODE	resolved	3
std.os.linux.SECCOMP.FILTER_FLAG	resolved	5
std.os.linux.SECCOMP.RET	resolved	12
std.os.linux.SECCOMP.IOCTL_NOTIF	resolved	4
std.os.linux.SECCOMP.ADDFD_FLAG	resolved	2
std.os.linux.syscalls	resolved	23
std.os.linux.MSF	resolved	3
std.os.linux.LINUX_REBOOT	resolved	3
std.os.linux.F	resolved	43
std.os.linux.SCHED	resolved	1
std.os.linux.AT	resolved	12
std.os.linux.FALLOC	resolved	7
std.os.linux.W	resolved	12
std.os.linux.RWF	resolved	5
std.os.linux.SEEK	resolved	3
std.os.linux.SHUT	resolved	3
std.os.linux.SOCK	resolved	9
std.os.linux.TCP	resolved	40
std.os.linux.UDP	resolved	6
std.os.linux.UDP_ENCAP	resolved	6
std.os.linux.PF	resolved	49
std.os.linux.AF	resolved	49
std.os.linux.SCM	resolved	8
std.os.linux.SOL	resolved	28
std.os.linux.IP	resolved	49
std.os.linux.IPV6	resolved	67
std.os.linux.IPTOS	resolved	16
std.os.linux.ETH	resolved	10
std.os.linux.ETH.P	resolved	101
std.os.linux.MSG	resolved	21
std.os.linux.DT	resolved	9
std.os.linux.SER	resolved	2
std.os.linux.SER.RS485	resolved	8
std.os.linux.SER.ISO7816	resolved	3
std.os.linux.EPOLL	resolved	19
std.os.linux.CLONE	resolved	27
std.os.linux.EFD	resolved	3
std.os.linux.MS	resolved	32
std.os.linux.MNT	resolved	3
std.os.linux.IN	resolved	27
std.os.linux.fanotify	resolved	8
std.os.linux.fanotify.event_metadata	resolved	1
std.os.linux.S	resolved	30
std.os.linux.Sigaction	resolved	2
std.os.linux.SFD	resolved	2
std.os.linux.sockaddr	resolved	9
std.os.linux.CAP	resolved	45
std.os.linux.inotify_event	resolved	1
std.os.linux.SS	resolved	3
std.os.linux.io_uring_sqe	resolved	58
std.os.linux.io_uring_sqe.io_uring_sqe	redirect	0
std.os.linux.IoUring	resolved	91
std.os.linux.IoUring.SubmissionQueue	resolved	2
std.os.linux.IoUring.CompletionQueue	resolved	2
std.os.linux.IoUring.BufferGroup	resolved	7
std.os.linux.io_uring_cqe	resolved	2
std.os.linux.io_uring_probe_op	resolved	1
std.os.linux.io_uring_probe	resolved	1
std.os.linux.io_uring_buf_reg	resolved	1
std.os.linux.STATX	resolved	1
std.os.linux.IPPROTO	resolved	33
std.os.linux.POLL	resolved	8
std.os.linux.MFD	resolved	18
std.os.linux.rusage	resolved	3
std.os.linux.TABDLY	resolved	1
std.os.linux.PACKET	resolved	43
std.os.linux.RLIM	resolved	3
std.os.linux.MADV	resolved	21
std.os.linux.kernel_timespec	resolved	2
std.os.linux.UTIME	resolved	2
std.os.linux.XDP	resolved	18
std.os.linux.PR	resolved	57
std.os.linux.NETLINK	resolved	22
std.os.linux.NetlinkMessageType	resolved	1
std.os.linux.rtattr	resolved	1
std.os.linux.IFLA	resolved	1
std.os.linux.PERF	resolved	7
std.os.linux.PERF.COUNT	resolved	2
std.os.linux.PERF.COUNT.HW	resolved	1
std.os.linux.PERF.COUNT.HW.CACHE	resolved	2
std.os.linux.PERF.SAMPLE	resolved	22
std.os.linux.PERF.SAMPLE.BRANCH	resolved	18
std.os.linux.PERF.FLAG	resolved	4
std.os.linux.PERF.EVENT_IOC	resolved	12
std.os.linux.AUDIT	poison	0
std.os.linux.AUDIT.ARCH	poison	0
std.os.linux.PTRACE	resolved	36
std.os.linux.PTRACE.EVENT	resolved	8
std.os.linux.PTRACE.O	resolved	11
std.os.linux.SHADOW_STACK	resolved	1
std.os.plan9	resolved	43
std.os.plan9.SIG	resolved	20
std.os.plan9.Sigaction	resolved	2
std.os.plan9.AT	resolved	1
std.os.plan9.ExecData	poison	0
std.os.uefi	resolved	27
std.os.uefi.protocol	resolved	37
std.os.uefi.protocol.ServiceBinding	resolved	1
std.os.uefi.protocol.LoadedImage	resolved	4
std.os.uefi.protocol.LoadedImage.LoadedImage	redirect	0
std.os.uefi.protocol.DevicePath	resolved	7
std.os.uefi.protocol.DevicePath.DevicePath	redirect	0
std.os.uefi.protocol.Rng	resolved	11
std.os.uefi.protocol.Rng.Rng	redirect	0
std.os.uefi.protocol.ShellParameters	resolved	1
std.os.uefi.protocol.ShellParameters.ShellParameters	redirect	0
std.os.uefi.protocol.SimpleFileSystem	resolved	3
std.os.uefi.protocol.SimpleFileSystem.SimpleFileSystem	redirect	0
std.os.uefi.protocol.File	resolved	27
std.os.uefi.protocol.File.File	redirect	0
std.os.uefi.protocol.File.File.OpenMode	poison	0
std.os.uefi.protocol.File.File.Info	poison	0
std.os.uefi.protocol.File.File.Info.File	redirect	0
std.os.uefi.protocol.File.File.Info.FileSystem	poison	0
std.os.uefi.protocol.File.File.Info.VolumeLabel	poison	0
std.os.uefi.protocol.BlockIo	resolved	10
std.os.uefi.protocol.BlockIo.BlockIo	redirect	0
std.os.uefi.protocol.SimpleTextInput	resolved	8
std.os.uefi.protocol.SimpleTextInput.SimpleTextInput	redirect	0
std.os.uefi.protocol.SimpleTextInputEx	resolved	14
std.os.uefi.protocol.SimpleTextInputEx.SimpleTextInputEx	redirect	0
std.os.uefi.protocol.SimpleTextInputEx.SimpleTextInputEx.Key	poison	0
std.os.uefi.protocol.SimpleTextInputEx.SimpleTextInputEx.Key.State	poison	0
std.os.uefi.protocol.SimpleTextOutput	resolved	71
std.os.uefi.protocol.SimpleTextOutput.SimpleTextOutput	redirect	0
std.os.uefi.protocol.SimpleTextOutput.SimpleTextOutput.Attribute	poison	0
std.os.uefi.protocol.SimplePointer	resolved	7
std.os.uefi.protocol.SimplePointer.SimplePointer	redirect	0
std.os.uefi.protocol.AbsolutePointer	resolved	9
std.os.uefi.protocol.AbsolutePointer.AbsolutePointer	redirect	0
std.os.uefi.protocol.AbsolutePointer.AbsolutePointer.Mode	poison	0
std.os.uefi.protocol.AbsolutePointer.AbsolutePointer.State	poison	0
std.os.uefi.protocol.SerialIo	resolved	16
std.os.uefi.protocol.SerialIo.SerialIo	redirect	0
std.os.uefi.protocol.GraphicsOutput	resolved	13
std.os.uefi.protocol.GraphicsOutput.GraphicsOutput	redirect	0
std.os.uefi.protocol.GraphicsOutput.GraphicsOutput.Mode	poison	0
std.os.uefi.protocol.edid	resolved	3
std.os.uefi.protocol.edid.Active	resolved	1
std.os.uefi.protocol.edid.Discovered	resolved	1
std.os.uefi.protocol.edid.Override	resolved	5
std.os.uefi.protocol.SimpleNetwork	resolved	36
std.os.uefi.protocol.SimpleNetwork.SimpleNetwork	redirect	0
std.os.uefi.protocol.ManagedNetwork	resolved	28
std.os.uefi.protocol.ManagedNetwork.ManagedNetwork	redirect	0
std.os.uefi.protocol.ManagedNetwork.ManagedNetwork.ServiceBinding	poison	0
std.os.uefi.protocol.ManagedNetwork.ManagedNetwork.TransmitData	poison	0
std.os.uefi.protocol.Ip6	resolved	33
std.os.uefi.protocol.Ip6.Ip6	redirect	0
std.os.uefi.protocol.Ip6Config	resolved	15
std.os.uefi.protocol.Ip6Config.Ip6Config	redirect	0
std.os.uefi.protocol.Udp6	resolved	25
std.os.uefi.protocol.Udp6.Udp6	redirect	0
std.os.uefi.protocol.Udp6.Udp6.ReceiveData	poison	0
std.os.uefi.protocol.Udp6.Udp6.TransmitData	poison	0
std.os.uefi.protocol.HiiDatabase	resolved	9
std.os.uefi.protocol.HiiDatabase.HiiDatabase	redirect	0
std.os.uefi.protocol.HiiPopup	resolved	6
std.os.uefi.protocol.HiiPopup.HiiPopup	redirect	0
std.os.uefi.DevicePath	resolved	52
std.os.uefi.DevicePath.DevicePath	redirect	0
std.os.uefi.DevicePath.DevicePath.Hardware	poison	0
std.os.uefi.DevicePath.DevicePath.Acpi	poison	0
std.os.uefi.DevicePath.DevicePath.Acpi.AdrDevicePath	poison	0
std.os.uefi.DevicePath.DevicePath.Messaging	poison	0
std.os.uefi.DevicePath.DevicePath.Messaging.AtapiDevicePath	poison	0
std.os.uefi.DevicePath.DevicePath.Messaging.UsbWwidDevicePath	poison	0
std.os.uefi.DevicePath.DevicePath.Messaging.Ipv4DevicePath	poison	0
std.os.uefi.DevicePath.DevicePath.Messaging.Ipv6DevicePath	poison	0
std.os.uefi.DevicePath.DevicePath.Messaging.InfiniBandDevicePath	poison	0
std.os.uefi.DevicePath.DevicePath.Messaging.InfiniBandDevicePath.ResourceFlags	poison	0
std.os.uefi.DevicePath.DevicePath.Messaging.UartDevicePath	poison	0
std.os.uefi.DevicePath.DevicePath.Media	poison	0
std.os.uefi.DevicePath.DevicePath.Media.HardDriveDevicePath	poison	0
std.os.uefi.DevicePath.DevicePath.Media.FilePathDevicePath	poison	0
std.os.uefi.DevicePath.DevicePath.BiosBootSpecification	poison	0
std.os.uefi.DevicePath.DevicePath.BiosBootSpecification.BBS101DevicePath	poison	0
std.os.uefi.DevicePath.DevicePath.End	poison	0
std.os.uefi.hii	resolved	9
std.os.uefi.hii.PackageHeader	resolved	13
std.os.uefi.hii.SimplifiedFontPackage	resolved	1
std.os.uefi.Status	resolved	3
std.os.uefi.Status.Status	redirect	0
std.os.uefi.tables	resolved	27
std.os.uefi.tables.BootServices	resolved	81
std.os.uefi.tables.BootServices.BootServices	redirect	0
std.os.uefi.tables.RuntimeServices	resolved	45
std.os.uefi.tables.RuntimeServices.RuntimeServices	redirect	0
std.os.uefi.tables.RuntimeServices.RuntimeServices.VariableAuthentication3	poison	0
std.os.uefi.tables.RuntimeServices.RuntimeServices.VariableNameIterator	poison	0
std.os.uefi.tables.ConfigurationTable	resolved	9
std.os.uefi.tables.ConfigurationTable.ConfigurationTable	redirect	0
std.os.uefi.tables.SystemTable	resolved	16
std.os.uefi.tables.SystemTable.SystemTable	redirect	0
std.os.uefi.tables.TableHeader	resolved	0
std.os.uefi.tables.MemoryType	resolved	7
std.os.uefi.tables.MemoryMapSlice	resolved	3
std.os.uefi.tables.MemoryDescriptorIterator	resolved	1
std.os.uefi.tables.OpenProtocolAttributes	resolved	3
std.os.uefi.pool_allocator	resolved	1
std.os.uefi.EventType	resolved	2
std.os.uefi.Guid	resolved	2
std.os.uefi.Time	resolved	2
std.os.wasi	poison	0
std.os.wasi.SOCK	resolved	3
std.os.emscripten	poison	0
std.os.emscripten.F	resolved	18
std.os.emscripten.W	resolved	12
std.os.emscripten.LOCK	resolved	4
std.os.emscripten.MADV	resolved	21
std.os.emscripten.MSF	resolved	3
std.os.emscripten.MSG	resolved	21
std.os.emscripten.POLL	resolved	8
std.os.emscripten.RLIM	resolved	3
std.os.emscripten.rusage	resolved	3
std.os.emscripten.S	resolved	30
std.os.emscripten.SA	resolved	8
std.os.emscripten.SEEK	resolved	3
std.os.emscripten.SHUT	resolved	3
std.os.emscripten.Sigaction	resolved	2
std.os.emscripten.SO	resolved	68
std.os.emscripten.SOCK	resolved	9
std.os.emscripten.SOL	resolved	28
std.os.emscripten.TCP	resolved	40
std.os.emscripten.UTIME	resolved	2
std.os.emscripten.Stat	resolved	3
std.os.emscripten.TIMING	resolved	3
std.os.emscripten.LOG	resolved	10
std.os.emscripten.PROMISE	resolved	4
std.os.windows	poison	0
std.os.windows.ws2_32	resolved	16
std.os.windows.ws2_32.TCP	resolved	23
std.os.windows.ws2_32.AF	resolved	36
std.os.windows.ws2_32.SOCK	resolved	5
std.os.windows.ws2_32.SOL	resolved	2
std.os.windows.ws2_32.SO	resolved	48
std.os.windows.ws2_32.MSG	resolved	12
std.os.windows.ws2_32.IPPROTO	resolved	12
std.os.windows.ws2_32.sockaddr	resolved	5
std.os.windows.crypt32	poison	0
std.os.windows.crypt32.ENCODING	resolved	1
std.os.windows.crypt32.CERT_STORE	resolved	3
std.os.windows.crypt32.CERT_STORE.PROV	resolved	1
std.os.windows.crypt32.HCERTCHAINENGINE	resolved	1
std.os.windows.crypt32.CERT_CHAIN	resolved	4
std.os.windows.crypt32.CERT_CHAIN.USAGE_MATCH	resolved	1
std.os.windows.crypt32.CERT_CHAIN.POLICY	resolved	4
std.os.windows.crypt32.HTTPSPolicyCallbackData	resolved	1
std.os.windows.nls	resolved	1
std.os.windows.PS	resolved	1
std.os.windows.PS.ATTRIBUTE	resolved	3
std.os.windows.PS.ATTRIBUTE.Type	resolved	1
std.os.windows.OBJECT	resolved	3
std.os.windows.OBJECT.ATTRIBUTES	resolved	1
std.os.windows.OBJECT.ATTRIBUTES.Flags	poison	0
std.os.windows.OBJECT.INFORMATION_CLASS	resolved	1
std.os.windows.FILE	resolved	25
std.os.windows.FILE.DISPOSITION	resolved	2
std.os.windows.FILE.DISPOSITION.INFORMATION	resolved	1
std.os.windows.FILE.FS_VOLUME_INFORMATION	resolved	1
std.os.windows.FILE.NOTIFY	resolved	4
std.os.windows.FILE.NOTIFY.INFORMATION	resolved	1
std.os.windows.FILE.NOTIFY.EXTENDED_INFORMATION	resolved	1
std.os.windows.FILE.NOTIFY.FULL_INFORMATION	resolved	1
std.os.windows.FILE.PIPE	resolved	10
std.os.windows.FILE.PIPE.TYPE	resolved	1
std.os.windows.FILE.PIPE.WAIT_FOR_BUFFER	resolved	4
std.os.windows.FILE.RENAME_INFORMATION	resolved	4
std.os.windows.FILE.INFORMATION_CLASS	resolved	1
std.os.windows.FILE.SHARE	resolved	1
std.os.windows.FILE.CREATE_DISPOSITION	resolved	1
std.os.windows.FILE.MODE	resolved	5
std.os.windows.DIRECTORY	resolved	1
std.os.windows.DIRECTORY.NOTIFY_INFORMATION_CLASS	resolved	1
std.os.windows.CONSOLE	resolved	1
std.os.windows.CONSOLE.USER_IO	resolved	16
std.os.windows.CONSOLE.USER_IO.INFO	resolved	5
std.os.windows.CONSOLE.USER_IO.INFO.CP	resolved	1
std.os.windows.CONSOLE.USER_IO.INFO.WRITE	resolved	1
std.os.windows.CONSOLE.USER_IO.INFO.FILL	resolved	1
std.os.windows.CONSOLE.USER_IO.INFO.FILL.WITH	resolved	2
std.os.windows.CONSOLE.USER_IO.INFO.READ_OUTPUT_CHARACTER	resolved	1
std.os.windows.CONSOLE.USER_IO.Header	resolved	1
std.os.windows.AFD	poison	0
std.os.windows.AFD.OPEN_PACKET	resolved	2
std.os.windows.AFD.BIND_INFO	resolved	1
std.os.windows.AFD.PARTIAL_DISCONNECT_INFO	resolved	1
std.os.windows.AFD.INFORMATION	resolved	1
std.os.windows.AFD.TRANSMIT_FILE_INFO	poison	0
std.os.windows.AFD.SOCKOPT_INFO	resolved	2
std.os.windows.TDI	resolved	9
std.os.windows.TDI.CONNECTION	resolved	2
std.os.windows.TDI.ADDRESS	poison	0
std.os.windows.TDI.REQUEST	resolved	9
std.os.windows.NET	resolved	2
std.os.windows.DNS	resolved	10
std.os.windows.DNS.ADDR	resolved	1
std.os.windows.DNS.CUSTOM_SERVER	resolved	2
std.os.windows.DNS.TYPE	resolved	2
std.os.windows.DNS.QUERY	resolved	5
std.os.windows.DNS.QUERY.REQUEST	resolved	1
std.os.windows.DNS.RECORD	resolved	1
std.os.windows.SYSTEM	resolved	2
std.os.windows.PROCESS	resolved	4
std.os.windows.PROCESS.INFOCLASS	resolved	1
std.os.windows.THREAD	resolved	4
std.os.windows.THREAD.INFOCLASS	resolved	1
std.os.windows.THREAD.CREATE_FLAGS	resolved	1
std.os.windows.MEMORY	resolved	1
std.os.windows.HEAP	resolved	2
std.os.windows.HEAP.FLAGS	resolved	3
std.os.windows.HEAP.FLAGS.CLASS	resolved	1
std.os.windows.HEAP.FLAGS.CREATE	resolved	1
std.os.windows.HEAP.RTL_PARAMETERS	resolved	2
std.os.windows.HEAP.RTL_PARAMETERS.SEGMENT	resolved	3
std.os.windows.HEAP.RTL_PARAMETERS.SEGMENT.FLG	resolved	1
std.os.windows.HEAP.RTL_PARAMETERS.SEGMENT.MEMORY_SOURCE	resolved	2
std.os.windows.HEAP.RTL_PARAMETERS.SEGMENT.MEMORY_SOURCE.TYPE	resolved	1
std.os.windows.HEAP.RTL_PARAMETERS.SEGMENT.MEMORY_SOURCE.VA_CALLBACKS	resolved	4
std.os.windows.CTL_CODE	resolved	6
std.os.windows.CTL_CODE.FILE_ACCESS	resolved	2
std.os.windows.CTL_CODE.PIPE	resolved	21
std.os.windows.IOCTL	resolved	4
std.os.windows.IOCTL.AFD	resolved	47
std.os.windows.IOCTL.CONDRV	resolved	14
std.os.windows.IOCTL.KSEC	resolved	1
std.os.windows.IOCTL.MOUNTMGR	resolved	2
std.os.windows.IO_REPARSE_TAG	resolved	37
std.os.windows.ACCESS_MASK	resolved	3
std.os.windows.ACCESS_MASK.Specific	resolved	22
std.os.windows.ACCESS_MASK.Specific.File	resolved	6
std.os.windows.ACCESS_MASK.Specific.Key	resolved	5
std.os.windows.ACCESS_MASK.Specific.ObjectType	resolved	1
std.os.windows.ACCESS_MASK.Specific.Directory	resolved	1
std.os.windows.ACCESS_MASK.Specific.SymbolicLink	resolved	2
std.os.windows.ACCESS_MASK.Specific.Section	resolved	1
std.os.windows.ACCESS_MASK.Specific.Session	resolved	1
std.os.windows.ACCESS_MASK.Specific.Process	resolved	1
std.os.windows.ACCESS_MASK.Specific.Thread	resolved	1
std.os.windows.ACCESS_MASK.Specific.MemoryPartition	resolved	1
std.os.windows.ACCESS_MASK.Specific.TransactionManager	resolved	4
std.os.windows.ACCESS_MASK.Specific.Transaction	resolved	5
std.os.windows.ACCESS_MASK.Specific.ResourceManager	resolved	4
std.os.windows.ACCESS_MASK.Specific.Enlistment	resolved	4
std.os.windows.ACCESS_MASK.Specific.Event	resolved	1
std.os.windows.ACCESS_MASK.Specific.Semaphore	resolved	1
std.os.windows.ACCESS_MASK.Specific.Token	resolved	7
std.os.windows.ACCESS_MASK.Specific.JobObject	resolved	1
std.os.windows.ACCESS_MASK.Specific.Mutant	resolved	1
std.os.windows.ACCESS_MASK.Specific.Timer	resolved	1
std.os.windows.ACCESS_MASK.Specific.IoCompletion	resolved	1
std.os.windows.ACCESS_MASK.Standard	resolved	2
std.os.windows.ACCESS_MASK.Standard.Rights	resolved	5
std.os.windows.FS_INFORMATION_CLASS	resolved	1
std.os.windows.PAGE	resolved	1
std.os.windows.MEM	resolved	5
std.os.windows.MEM.ALLOCATE	resolved	1
std.os.windows.MEM.EXTENDED_PARAMETER	resolved	1
std.os.windows.MEM.EXTENDED_PARAMETER.TYPE	resolved	1
std.os.windows.SEC	resolved	1
std.os.windows.NTSTATUS	resolved	3
std.os.windows.NTSTATUS.NTSTATUS	redirect	0
std.os.windows.Win32Error	resolved	0
std.os.windows.LANG	resolved	140
std.os.windows.SUBLANG	resolved	244
std.os.windows.GUID	resolved	3
std.os.windows.REG	resolved	3
std.os.windows.REG.ValueType	resolved	2
std.os.windows.KEY	resolved	1
std.os.windows.KEY.VALUE	resolved	2
std.os.windows.KEY.VALUE.INFORMATION_CLASS	resolved	1
std.os.windows.KEY.VALUE.PARTIAL_INFORMATION	resolved	1
std.os.windows.LDR	poison	0
std.os.windows.LDR.DLL_NOTIFICATION	resolved	5
std.os.windows.LDR.DLL_NOTIFICATION.DATA	resolved	2
std.pdb	resolved	34
std.pdb.LineNumberEntry	resolved	1
std.pdb.SuperBlock	resolved	1
std.pie	resolved	1
std.posix	poison	0
std.posix.LOCK	resolved	4
std.posix.LOG	resolved	8
std.process	resolved	60
std.process.Child	resolved	7
std.process.Child.ResourceUsageStatistics	resolved	1
std.process.Args	resolved	8
std.process.Args.Iterator	resolved	9
std.process.Args.Iterator.Windows	resolved	5
std.process.Args.Iterator.Posix	resolved	4
std.process.Args.Iterator.Wasi	resolved	5
std.process.Environ	resolved	26
std.process.Environ.GlobalBlock	resolved	4
std.process.Environ.PosixBlock	resolved	5
std.process.Environ.PosixBlock.View	resolved	1
std.process.Environ.WindowsBlock	resolved	5
std.process.Environ.WindowsBlock.View	resolved	1
std.process.Environ.Map	resolved	22
std.process.Environ.Map.EnvNameHashContext	resolved	2
std.process.Preopens	resolved	6
std.process.Init	resolved	1
std.process.SpawnOptions	resolved	1
std.sort	resolved	20
std.sort.block	resolved	1
std.sort.pdq	resolved	1
std.simd	resolved	24
std.ascii	resolved	38
std.ascii.control_code	resolved	35
std.ascii.HexEscape	resolved	3
std.tar	resolved	10
std.tar.Writer	resolved	12
std.tar.Writer.Header	resolved	9
std.tar.Diagnostics	resolved	2
std.tar.ExtractOptions	resolved	1
std.tar.Iterator	resolved	5
std.tar.PaxIterator	resolved	1
std.testing	poison	0
std.testing.FailingAllocator	resolved	4
std.testing.TmpDir	resolved	1
std.testing.Smith	resolved	33
std.testing.Reader	resolved	2
std.testing.ReaderIndirect	resolved	1
std.time	resolved	23
std.time.epoch	resolved	35
std.time.epoch.Month	resolved	1
std.time.epoch.YearAndDay	resolved	1
std.time.epoch.EpochDay	resolved	1
std.time.epoch.DaySeconds	resolved	3
std.time.epoch.EpochSeconds	resolved	2
std.tz	resolved	4
std.tz.Timetype	resolved	4
std.tz.Tz	resolved	2
std.unicode	resolved	60
std.unicode.Utf8View	resolved	4
std.unicode.Utf8Iterator	resolved	3
std.unicode.Utf16LeIterator	resolved	3
std.unicode.Wtf8View	resolved	4
std.unicode.Wtf8Iterator	resolved	3
std.unicode.Wtf16LeIterator	resolved	2
std.valgrind	resolved	34
std.valgrind.MempoolFlags	resolved	2
std.valgrind.memcheck	resolved	19
std.valgrind.callgrind	resolved	7
std.valgrind.cachegrind	resolved	3
std.wasm	resolved	19
std.wasm.Limits	resolved	1
std.wasm.BlockType	resolved	1
std.zig	resolved	88
std.zig.ErrorBundle	resolved	24
std.zig.ErrorBundle.Wip	resolved	17
std.zig.Server	resolved	19
std.zig.Server.Message	resolved	8
std.zig.Server.Message.TestResults	resolved	2
std.zig.Server.Message.TimeReport	resolved	1
std.zig.Server.Message.EmitDigest	resolved	1
std.zig.Client	resolved	1
std.zig.Client.Message	resolved	2
std.zig.TokenSmith	resolved	3
std.zig.string_literal	resolved	8
std.zig.string_literal.Error	resolved	2
std.zig.number_literal	resolved	6
std.zig.primitives	resolved	2
std.zig.Ast	resolved	185
std.zig.Ast.OptionalTokenIndex	resolved	3
std.zig.Ast.TokenOffset	resolved	3
std.zig.Ast.OptionalTokenOffset	resolved	1
std.zig.Ast.Render	resolved	3
std.zig.Ast.Render.Fixups	resolved	3
std.zig.Ast.full	resolved	17
std.zig.Ast.full.VarDecl	resolved	2
std.zig.Ast.full.AssignDestructure	resolved	1
std.zig.Ast.full.If	resolved	1
std.zig.Ast.full.While	resolved	1
std.zig.Ast.full.For	resolved	1
std.zig.Ast.full.ContainerField	resolved	3
std.zig.Ast.full.FnProto	resolved	5
std.zig.Ast.full.FnProto.Iterator	resolved	1
std.zig.Ast.full.StructInit	resolved	1
std.zig.Ast.full.ArrayInit	resolved	1
std.zig.Ast.full.ArrayType	resolved	1
std.zig.Ast.full.PtrType	resolved	1
std.zig.Ast.full.Slice	resolved	1
std.zig.Ast.full.ContainerDecl	resolved	1
std.zig.Ast.full.Switch	resolved	1
std.zig.Ast.full.SwitchCase	resolved	1
std.zig.Ast.full.Asm	resolved	1
std.zig.Ast.full.Call	resolved	1
std.zig.Ast.Error	resolved	1
std.zig.Ast.Node	resolved	22
std.zig.Ast.Node.Index	resolved	2
std.zig.Ast.Node.OptionalIndex	resolved	2
std.zig.Ast.Node.Offset	resolved	2
std.zig.Ast.Node.OptionalOffset	resolved	1
std.zig.Ast.Node.Tag	resolved	1
std.zig.AstGen	resolved	1
std.zig.AstSmith	resolved	7
std.zig.Zir	resolved	33
std.zig.Zir.Inst	resolved	82
std.zig.Zir.Inst.Tag	resolved	3
std.zig.Zir.Inst.Extended	resolved	1
std.zig.Zir.Inst.Index	resolved	2
std.zig.Zir.Inst.OptionalIndex	resolved	1
std.zig.Zir.Inst.Ref	resolved	3
std.zig.Zir.Inst.Data	resolved	1
std.zig.Zir.Inst.Asm	resolved	3
std.zig.Zir.Inst.Func	resolved	2
std.zig.Zir.Inst.FuncFancy	resolved	1
std.zig.Zir.Inst.Declaration	resolved	5
std.zig.Zir.Inst.Declaration.Unwrapped	resolved	2
std.zig.Zir.Inst.Declaration.Flags	resolved	1
std.zig.Zir.Inst.Declaration.Flags.Id	resolved	9
std.zig.Zir.Inst.Declaration.Name	resolved	2
std.zig.Zir.Inst.Call	resolved	1
std.zig.Zir.Inst.Call.Flags	resolved	2
std.zig.Zir.Inst.BuiltinCall	resolved	1
std.zig.Zir.Inst.SwitchBlock	resolved	3
std.zig.Zir.Inst.SwitchBlock.Bits	resolved	1
std.zig.Zir.Inst.SwitchBlock.ProngInfo	resolved	3
std.zig.Zir.Inst.SwitchBlock.ItemInfo	resolved	5
std.zig.Zir.Inst.StructDecl	resolved	1
std.zig.Zir.Inst.Capture	resolved	3
std.zig.Zir.Inst.FullPtrCastFlags	resolved	1
std.zig.Zir.Inst.EnumDecl	resolved	1
std.zig.Zir.Inst.UnionDecl	resolved	2
std.zig.Zir.Inst.UnionDecl.Kind	resolved	2
std.zig.Zir.Inst.OpaqueDecl	resolved	1
std.zig.Zir.Inst.Float128	resolved	1
std.zig.Zir.Inst.StructInit	resolved	1
std.zig.Zir.Inst.StructInitAnon	resolved	1
std.zig.Zir.Inst.Param	resolved	1
std.zig.Zir.Inst.AllocExtended	resolved	1
std.zig.Zir.Inst.CompileErrors	resolved	1
std.zig.Zir.Inst.CompileErrors.Item	resolved	1
std.zig.Zir.Inst.Imports	resolved	1
std.zig.Zir.DeclContents	resolved	3
std.zig.Zir.UnwrappedSwitchBlock	resolved	6
std.zig.Zir.UnwrappedSwitchBlock.Case	resolved	4
std.zig.Zir.UnwrappedSwitchBlock.Case.Index	resolved	1
std.zig.Zir.UnwrappedSwitchBlock.Case.Iterator	resolved	1
std.zig.Zir.UnwrappedStructDecl	resolved	2
std.zig.Zir.UnwrappedStructDecl.FieldIterator	resolved	2
std.zig.Zir.UnwrappedUnionDecl	resolved	2
std.zig.Zir.UnwrappedUnionDecl.FieldIterator	resolved	2
std.zig.Zir.UnwrappedEnumDecl	resolved	2
std.zig.Zir.UnwrappedEnumDecl.FieldIterator	resolved	2
std.zig.Zoir	resolved	6
std.zig.Zoir.Node	resolved	2
std.zig.Zoir.Node.Index	resolved	3
std.zig.Zoir.Node.Index.Range	resolved	1
std.zig.Zoir.Node.Repr	resolved	1
std.zig.Zoir.NullTerminatedString	resolved	1
std.zig.Zoir.CompileError	resolved	2
std.zig.ZonGen	resolved	4
std.zig.system	resolved	10
std.zig.system.NativePaths	resolved	10
std.zig.system.windows	resolved	15
std.zig.system.darwin	resolved	3
std.zig.system.darwin.macos	resolved	2
std.zig.system.linux	resolved	1
std.zig.BuiltinFn	resolved	3
std.zig.AstRlAnnotate	resolved	78
std.zig.LibCInstallation	resolved	10
std.zig.LibCInstallation.CrtBasenames	resolved	2
std.zig.WindowsSdk	resolved	3
std.zig.LibCDirs	resolved	3
std.zig.target	resolved	19
std.zig.llvm	resolved	3
std.zig.llvm.BitcodeReader	resolved	9
std.zig.llvm.bitcode_writer	resolved	3
std.zig.llvm.Builder	resolved	186
std.zig.llvm.Builder.String	resolved	5
std.zig.llvm.Builder.Type	resolved	40
std.zig.llvm.Builder.Type.Function	resolved	1
std.zig.llvm.Builder.Type.Vector	resolved	1
std.zig.llvm.Builder.Type.Structure	resolved	1
std.zig.llvm.Builder.Type.Item	resolved	1
std.zig.llvm.Builder.Attribute	resolved	9
std.zig.llvm.Builder.Attribute.Index	resolved	3
std.zig.llvm.Builder.Attribute.Kind	resolved	2
std.zig.llvm.Builder.Attribute.FpClass	resolved	16
std.zig.llvm.Builder.Attribute.AllocSize	resolved	1
std.zig.llvm.Builder.Attribute.Memory	resolved	1
std.zig.llvm.Builder.Attribute.UwTable	resolved	1
std.zig.llvm.Builder.Attributes	resolved	2
std.zig.llvm.Builder.FunctionAttributes	resolved	5
std.zig.llvm.Builder.FunctionAttributes.Wip	resolved	11
std.zig.llvm.Builder.Linkage	resolved	2
std.zig.llvm.Builder.Preemption	resolved	1
std.zig.llvm.Builder.Visibility	resolved	2
std.zig.llvm.Builder.DllStorageClass	resolved	1
std.zig.llvm.Builder.ThreadLocal	resolved	3
std.zig.llvm.Builder.ThreadLocal.Prefixed	resolved	1
std.zig.llvm.Builder.UnnamedAddr	resolved	1
std.zig.llvm.Builder.AddrSpace	resolved	16
std.zig.llvm.Builder.AddrSpace.x86	resolved	6
std.zig.llvm.Builder.AddrSpace.avr	resolved	7
std.zig.llvm.Builder.AddrSpace.nvptx	resolved	6
std.zig.llvm.Builder.AddrSpace.amdgpu	resolved	29
std.zig.llvm.Builder.AddrSpace.spirv	resolved	8
std.zig.llvm.Builder.AddrSpace.wasm	resolved	4
std.zig.llvm.Builder.AddrSpace.Prefixed	resolved	1
std.zig.llvm.Builder.ExternallyInitialized	resolved	1
std.zig.llvm.Builder.Alignment	resolved	6
std.zig.llvm.Builder.Alignment.Lazy	resolved	2
std.zig.llvm.Builder.Alignment.Prefixed	resolved	1
std.zig.llvm.Builder.CallConv	resolved	2
std.zig.llvm.Builder.StrtabString	resolved	3
std.zig.llvm.Builder.Global	resolved	1
std.zig.llvm.Builder.Global.Index	resolved	23
std.zig.llvm.Builder.Alias	resolved	1
std.zig.llvm.Builder.Alias.Index	resolved	9
std.zig.llvm.Builder.Variable	resolved	1
std.zig.llvm.Builder.Variable.Index	resolved	15
std.zig.llvm.Builder.Function	resolved	5
std.zig.llvm.Builder.Function.Index	resolved	15
std.zig.llvm.Builder.Function.Block	resolved	4
std.zig.llvm.Builder.Function.Instruction	resolved	23
std.zig.llvm.Builder.Function.Instruction.Tag	resolved	3
std.zig.llvm.Builder.Function.Instruction.Index	resolved	8
std.zig.llvm.Builder.Function.Instruction.BrCond	resolved	1
std.zig.llvm.Builder.Function.Instruction.BrCond.Weights	resolved	2
std.zig.llvm.Builder.Function.Instruction.Alloca	resolved	2
std.zig.llvm.Builder.Function.Instruction.CmpXchg	resolved	1
std.zig.llvm.Builder.Function.Instruction.AtomicRmw	resolved	1
std.zig.llvm.Builder.Function.Instruction.GetElementPtr	resolved	1
std.zig.llvm.Builder.Function.Instruction.Cast	resolved	1
std.zig.llvm.Builder.Function.Instruction.Call	resolved	2
std.zig.llvm.Builder.DebugLocation	resolved	2
std.zig.llvm.Builder.WipFunction	resolved	77
std.zig.llvm.Builder.WipFunction.WipSwitch	resolved	2
std.zig.llvm.Builder.WipFunction.WipPhi	resolved	2
std.zig.llvm.Builder.MemoryAccessKind	resolved	3
std.zig.llvm.Builder.MemoryAccessKind.Prefixed	resolved	1
std.zig.llvm.Builder.SyncScope	resolved	3
std.zig.llvm.Builder.SyncScope.Prefixed	resolved	1
std.zig.llvm.Builder.AtomicOrdering	resolved	3
std.zig.llvm.Builder.AtomicOrdering.Prefixed	resolved	1
std.zig.llvm.Builder.FastMath	resolved	1
std.zig.llvm.Builder.FastMathKind	resolved	1
std.zig.llvm.Builder.Constant	resolved	19
std.zig.llvm.Builder.Constant.Tag	resolved	2
std.zig.llvm.Builder.Constant.Integer	resolved	1
std.zig.llvm.Builder.Constant.Cast	resolved	1
std.zig.llvm.Builder.Constant.GetElementPtr	resolved	3
std.zig.llvm.Builder.Constant.Assembly	resolved	1
std.zig.llvm.Builder.Value	resolved	5
std.zig.llvm.Builder.Metadata	resolved	32
std.zig.llvm.Builder.Metadata.Optional	resolved	6
std.zig.llvm.Builder.Metadata.String	resolved	4
std.zig.llvm.Builder.Metadata.String.Optional	resolved	3
std.zig.llvm.Builder.Metadata.Tag	resolved	1
std.zig.llvm.Builder.Metadata.DIFlags	resolved	1
std.zig.llvm.Builder.Metadata.CompileUnit	resolved	1
std.zig.llvm.Builder.Metadata.Subprogram	resolved	2
std.zig.llvm.Builder.Metadata.Subprogram.DISPFlags	resolved	1
std.zig.llvm.Builder.Metadata.BasicType	resolved	1
std.zig.llvm.Builder.Metadata.CompositeType	resolved	2
std.zig.llvm.Builder.Metadata.DerivedType	resolved	3
std.zig.llvm.Builder.Metadata.GlobalVar	resolved	1
std.zig.c_translation	resolved	2
std.zig.c_translation.builtins	resolved	56
std.zig.c_translation.helpers	resolved	18
std.zig.Color	resolved	1
std.zig.Loc	resolved	1
std.zig.BuildId	resolved	5
std.zig.BuildId.HexString	resolved	1
std.zig.Subsystem	resolved	8
std.zig.FormatId	resolved	2
std.zig.EnvVar	resolved	2
std.zig.SimpleComptimeReason	resolved	1
std.zig.EmitArtifact	resolved	1
std.zig.ClangCliParam	resolved	4
std.zip	resolved	17
std.zip.EndRecord	resolved	5
std.zip.Decompress	resolved	1
std.zip.Iterator	resolved	3
std.zip.Iterator.Entry	resolved	1
std.zip.Diagnostics	resolved	2
std.zon	resolved	3
std.zon.parse	resolved	10
std.zon.parse.Error	resolved	5
std.zon.parse.Error.Note	resolved	3
std.zon.parse.Error.Note.Iterator	resolved	1
std.zon.parse.Error.Iterator	resolved	1
std.zon.parse.Diagnostics	resolved	3
std.zon.stringify	resolved	4
std.zon.Serializer	resolved	25
std.zon.Serializer.Tuple	resolved	7
std.zon.Serializer.Struct	resolved	7
std.Options	resolved	6
