name	params	sig	doc	example
@addWithOverflow	2	@addWithOverflow(a: anytype, b: anytype) struct { @TypeOf(a, b), u1 }	Performs a + b and returns a tuple with the result and a possible overflow bit.	
@addrSpaceCast	1	@addrSpaceCast(ptr: anytype) anytype	Converts a pointer from one address space to another. The new address space is inferred based on the result type. Depending on the current target and address spaces, this cast may be a no-op, a complex operation, or illegal. If the cast is legal, then the resulting pointer points to the same memory location as the pointer operand. It is always valid to cast a pointer between the same address spaces.	
@alignCast	1	@alignCast(ptr: anytype) anytype	ptr can be *T, ?*T, or []T. Changes the alignment of a pointer. The alignment to use is inferred based on the result type. A pointer alignment safety check is added to the generated code to make sure the pointer is aligned as promised.	
@alignOf	1	@alignOf(comptime T: type) comptime_int	This function returns the number of bytes that this type should be aligned to for the current target to match the C ABI. When the child type of a pointer has this alignment, the alignment can be omitted from the type. const assert = @import("std").debug.assert; comptime { assert(*u32 == *align(@alignOf(u32)) u32); } The result is a target-specific compile time constant. It is guaranteed to be less than or equal to @sizeOf(T). See also: Alignment	
@as	2	@as(comptime T: type, expression) T	Performs Type Coercion. This cast is allowed when the conversion is unambiguous and safe, and is the preferred way to convert between types, whenever possible.	
@atomicLoad	3	@atomicLoad(comptime T: type, ptr: *const T, comptime ordering: AtomicOrder) T	This builtin function atomically dereferences a pointer to a T and returns the value. T must be a pointer, a bool, a float, an integer, an enum, or a packed struct. AtomicOrder can be found with @import("std").builtin.AtomicOrder. See also: @atomicStore @atomicRmw @cmpxchgWeak @cmpxchgStrong	
@atomicRmw	5	@atomicRmw(comptime T: type, ptr: *T, comptime op: AtomicRmwOp, operand: T, comptime ordering: AtomicOrder) T	This builtin function dereferences a pointer to a T and atomically modifies the value and returns the previous value. T must be a pointer, a bool, a float, an integer, an enum, or a packed struct. AtomicOrder can be found with @import("std").builtin.AtomicOrder. AtomicRmwOp can be found with @import("std").builtin.AtomicRmwOp. See also: @atomicStore @atomicLoad @cmpxchgWeak @cmpxchgStrong	
@atomicStore	4	@atomicStore(comptime T: type, ptr: *T, value: T, comptime ordering: AtomicOrder) void	This builtin function dereferences a pointer to a T and atomically stores the given value. T must be a pointer, a bool, a float, an integer, an enum, or a packed struct. AtomicOrder can be found with @import("std").builtin.AtomicOrder. See also: @atomicLoad @atomicRmw @cmpxchgWeak @cmpxchgStrong	
@bitCast	1	@bitCast(value: anytype) anytype	Converts a value of one type to another type. The return type is the inferred result type. Asserts that @sizeOf(@TypeOf(value)) == @sizeOf(DestType). Asserts that @typeInfo(DestType) != .pointer. Use @ptrCast or @ptrFromInt if you need this. Can be used for these things for example: Convert f32 to u32 bits Convert i32 to u32 preserving twos complement Works at compile-time if value is known at compile time. It's a compile error to bitcast a value of undefined layout; this means that, besides the restriction from types which possess dedicated casting builtins (enums, pointers, error sets), bare structs, error unions, slices, optionals, and any other type without a well-defined memory layout, also cannot be used in this operation.	
@bitOffsetOf	2	@bitOffsetOf(comptime T: type, comptime field_name: []const u8) comptime_int	Returns the bit offset of a field relative to its containing struct. For non packed structs, this will always be divisible by 8. For packed structs, non-byte-aligned fields will share a byte offset, but they will have different bit offsets. See also: @offsetOf	
@intFromBool	1	@intFromBool(value: bool) u1	Converts true to @as(u1, 1) and false to @as(u1, 0).	
@bitSizeOf	1	@bitSizeOf(comptime T: type) comptime_int	This function returns the number of bits it takes to store T in memory if the type were a field in a packed struct/union. The result is a target-specific compile time constant. This function measures the size at runtime. For types that are disallowed at runtime, such as comptime_int and type, the result is 0. See also: @sizeOf @typeInfo	
@branchHint	1	@branchHint(hint: BranchHint) void	Hints to the optimizer how likely a given branch of control flow is to be reached. BranchHint can be found with @import("std").builtin.BranchHint. This function is only valid as the first statement in a control flow branch, or the first statement in a function.	
@breakpoint	0	@breakpoint() void	This function inserts a platform-specific debug trap instruction which causes debuggers to break there. Unlike for @trap(), execution may continue after this point if the program is resumed. This function is only valid within function scope. See also: @trap	
@disableInstrumentation	0			
@disableIntrinsics	0			
@mulAdd	4	@mulAdd(comptime T: type, a: T, b: T, c: T) T	Fused multiply-add, similar to (a * b) + c, except only rounds once, and is thus more accurate. Supports Floats and Vectors of floats.	
@byteSwap	1	@byteSwap(operand: anytype) T	@TypeOf(operand) must be an integer type or an integer vector type with bit count evenly divisible by 8. operand may be an integer or vector. Swaps the byte order of the integer. This converts a big endian integer to a little endian integer, and converts a little endian integer to a big endian integer. Note that for the purposes of memory layout with respect to endianness, the integer type should be related to the number of bytes reported by @sizeOf bytes. This is demonstrated with u24. @sizeOf(u24) == 4, which means that a u24 stored in memory takes 4 bytes, and those 4 bytes are what are swapped on a little vs big endian system. On the other hand, if T is specified to be u24, then only 3 bytes are reversed.	
@bitReverse	1	@bitReverse(integer: anytype) T	@TypeOf(anytype) accepts any integer type or integer vector type. Reverses the bitpattern of an integer value, including the sign bit if applicable. For example 0b10110110 (u8 = 182, i8 = -74) becomes 0b01101101 (u8 = 109, i8 = 109).	
@offsetOf	2	@offsetOf(comptime T: type, comptime field_name: []const u8) comptime_int	Returns the byte offset of a field relative to its containing struct. See also: @bitOffsetOf	
@call	3	@call(modifier: std.builtin.CallModifier, function: anytype, args: anytype) anytype	Calls a function, in the same way that invoking an expression with parentheses does: @call allows more flexibility than normal function call syntax does. The CallModifier enum is reproduced here:	const expectEqual = @import("std").testing.expectEqual;\n\ntest "noinline function call" {\n    try expectEqual(12, @call(.auto, add, .{ 3, 9 }));\n}\n\nfn add(a: i32, b: i32) i32 {\n    return a + b;\n}
@cDefine	2	@cDefine(comptime name: []const u8, value) void	This function can only occur inside @cImport. This appends #define $name $value to the @cImport temporary buffer. To define without a value, like this: #define _GNU_SOURCE Use the void value, like this: @cDefine("_GNU_SOURCE", {}) See also: Import from C Header File @cInclude @cImport @cUndef void	
@cImport	1	@cImport(expression) type	This function parses C code and imports the functions, types, variables, and compatible macro definitions into a new empty struct type, and then returns that type. expression is interpreted at compile time. The builtin functions @cInclude, @cDefine, and @cUndef work within this expression, appending to a temporary buffer which is then parsed as C code. Usually you should only have one @cImport in your entire application, because it saves the compiler from invoking clang multiple times, and prevents inline functions from being duplicated. Reasons for having multiple @cImport expressions would be: To avoid a symbol collision, for example if foo.h and bar.h both #define CONNECTION_COUNT To analyze the C code with different preprocessor defines See also: Import from C Header File @cInclude @cDefine @cUndef	
@cInclude	1	@cInclude(comptime path: []const u8) void	This function can only occur inside @cImport. This appends #include <$path>\n to the c_import temporary buffer. See also: Import from C Header File @cImport @cDefine @cUndef	
@clz	1	@clz(operand: anytype) anytype	@TypeOf(operand) must be an integer type or an integer vector type. operand may be an integer or vector. Counts the number of most-significant (leading in a big-endian sense) zeroes in an integer - "count leading zeroes". The return type is an unsigned integer or vector of unsigned integers with the minimum number of bits that can represent the bit count of the integer type. If operand is zero, @clz returns the bit width of integer type T. See also: @ctz @popCount	
@cmpxchgStrong	6	@cmpxchgStrong(comptime T: type, ptr: *T, expected_value: T, new_value: T, success_order: AtomicOrder, fail_order: AtomicOrder) ?T	This function performs a strong atomic compare-and-exchange operation, returning null if the current value is the given expected value. It's the equivalent of this code, except atomic: If you are using cmpxchg in a retry loop, @cmpxchgWeak is the better choice, because it can be implemented more efficiently in machine instructions. T must be a pointer, a bool, an integer, an enum, or a packed struct. @typeInfo(@TypeOf(ptr)).pointer.alignment must be >= @sizeOf(T). AtomicOrder can be found with @import("std").builtin.AtomicOrder. See also: @atomicStore @atomicLoad @atomicRmw @cmpxchgWeak	fn cmpxchgStrongButNotAtomic(comptime T: type, ptr: *T, expected_value: T, new_value: T) ?T {\n    const old_value = ptr.*;\n    if (old_value == expected_value) {\n        ptr.* = new_value;\n        return null;\n    } else {\n        return old_value;\n    }\n}
@cmpxchgWeak	6	@cmpxchgWeak(comptime T: type, ptr: *T, expected_value: T, new_value: T, success_order: AtomicOrder, fail_order: AtomicOrder) ?T	This function performs a weak atomic compare-and-exchange operation, returning null if the current value is the given expected value. It's the equivalent of this code, except atomic: If you are using cmpxchg in a retry loop, the sporadic failure will be no problem, and cmpxchgWeak is the better choice, because it can be implemented more efficiently in machine instructions. However if you need a stronger guarantee, use @cmpxchgStrong. T must be a pointer, a bool, an integer, an enum, or a packed struct. @typeInfo(@TypeOf(ptr)).pointer.alignment must be >= @sizeOf(T). AtomicOrder can be found with @import("std").builtin.AtomicOrder. See also: @atomicStore @atomicLoad @atomicRmw @cmpxchgStrong	fn cmpxchgWeakButNotAtomic(comptime T: type, ptr: *T, expected_value: T, new_value: T) ?T {\n    const old_value = ptr.*;\n    if (old_value == expected_value and usuallyTrueButSometimesFalse()) {\n        ptr.* = new_value;\n        return null;\n    } else {\n        return old_value;\n    }\n}
@compileError	1	@compileError(comptime msg: []const u8) noreturn	This function, when semantically analyzed, causes a compile error with the message msg. There are several ways that code avoids being semantically checked, such as using if or switch with compile time constants, and comptime functions.	
@compileLog	var	@compileLog(...) void	This function prints the arguments passed to it at compile-time. To prevent accidentally leaving compile log statements in a codebase, a compilation error is added to the build, pointing to the compile log statement. This error prevents code from being generated, but does not otherwise interfere with analysis. This function can be used to do "printf debugging" on compile-time executing code.	const print = @import("std").debug.print;\n\nconst num1 = blk: {\n    var val1: i32 = 99;\n    @compileLog("comptime val1 = ", val1);\n    val1 = val1 + 1;\n    break :blk val1;\n};\n\ntest "main" {\n    @compileLog("comptime in main");\n\n    print("Runtime in main, num1 = {}.\\n", .{num1});\n}
@constCast	1	@constCast(value: anytype) DestType	Remove const qualifier from a pointer.	
@ctz	1	@ctz(operand: anytype) anytype	@TypeOf(operand) must be an integer type or an integer vector type. operand may be an integer or vector. Counts the number of least-significant (trailing in a big-endian sense) zeroes in an integer - "count trailing zeroes". The return type is an unsigned integer or vector of unsigned integers with the minimum number of bits that can represent the bit count of the integer type. If operand is zero, @ctz returns the bit width of integer type T. See also: @clz @popCount	
@cUndef	1	@cUndef(comptime name: []const u8) void	This function can only occur inside @cImport. This appends #undef $name to the @cImport temporary buffer. See also: Import from C Header File @cImport @cDefine @cInclude	
@cVaArg	2	@cVaArg(operand: *std.builtin.VaList, comptime T: type) T	Implements the C macro va_arg. See also: @cVaCopy @cVaEnd @cVaStart	
@cVaCopy	1	@cVaCopy(src: *std.builtin.VaList) std.builtin.VaList	Implements the C macro va_copy. See also: @cVaArg @cVaEnd @cVaStart	
@cVaEnd	1	@cVaEnd(src: *std.builtin.VaList) void	Implements the C macro va_end. See also: @cVaArg @cVaCopy @cVaStart	
@cVaStart	0	@cVaStart() std.builtin.VaList	Implements the C macro va_start. Only valid inside a variadic function. See also: @cVaArg @cVaCopy @cVaEnd	
@divExact	2	@divExact(numerator: T, denominator: T) T	Exact division. Caller guarantees denominator != 0 and @divTrunc(numerator, denominator) * denominator == numerator. @divExact(6, 3) == 2 @divExact(a, b) * b == a For a function that returns a possible error code, use @import("std").math.divExact. See also: @divTrunc @divFloor	
@divFloor	2	@divFloor(numerator: T, denominator: T) T	Floored division. Rounds toward negative infinity. For unsigned integers it is the same as numerator / denominator. Caller guarantees denominator != 0 and !(@typeInfo(T) == .int and T.is_signed and numerator == std.math.minInt(T) and denominator == -1). @divFloor(-5, 3) == -2 (@divFloor(a, b) * b) + @mod(a, b) == a For a function that returns a possible error code, use @import("std").math.divFloor. See also: @divTrunc @divExact	
@divTrunc	2	@divTrunc(numerator: T, denominator: T) T	Truncated division. Rounds toward zero. For unsigned integers it is the same as numerator / denominator. Caller guarantees denominator != 0 and !(@typeInfo(T) == .int and T.is_signed and numerator == std.math.minInt(T) and denominator == -1). @divTrunc(-5, 3) == -1 (@divTrunc(a, b) * b) + @rem(a, b) == a For a function that returns a possible error code, use @import("std").math.divTrunc. See also: @divFloor @divExact	
@embedFile	1	@embedFile(comptime path: []const u8) *const [N:0]u8	This function returns a compile time constant pointer to null-terminated, fixed-size array with length equal to the byte count of the file given by path. The contents of the array are the contents of the file. This is equivalent to a string literal with the file contents. path is absolute or relative to the current file, just like @import. See also: @import	
@intFromEnum	1	@intFromEnum(enum_or_tagged_union: anytype) anytype	Converts an enumeration value into its integer tag type. When a tagged union is passed, the tag value is used as the enumeration value. If there is only one possible enum value, the result is a comptime_int known at comptime. See also: @enumFromInt	
@errorName	1	@errorName(err: anyerror) [:0]const u8	This function returns the string representation of an error. The string representation of error.OutOfMem is "OutOfMem". If there are no calls to @errorName in an entire application, or all calls have a compile-time known value for err, then no error name table will be generated.	
@errorReturnTrace	0	@errorReturnTrace() ?*builtin.StackTrace	If the binary is built with error return tracing, and this function is invoked in a function that calls a function with an error or error union return type, returns a stack trace object. Otherwise returns null.	
@intFromError	1	@intFromError(err: anytype) @Int(.unsigned, @bitSizeOf(anyerror))	Supports the following types: The Global Error Set Error Set Type Error Union Type Converts an error to the integer representation of an error. It is generally recommended to avoid this cast, as the integer representation of an error is not stable across source code changes. See also: @errorFromInt	
@errorCast	1	@errorCast(value: anytype) anytype	Converts an error set or error union value from one error set to another error set. The return type is the inferred result type. Attempting to convert an error which is not in the destination error set results in safety-checked Illegal Behavior.	
@export	2	@export(comptime ptr: *const anyopaque, comptime options: std.builtin.ExportOptions) void	Creates a symbol in the output object file which refers to the target of ptr. ptr must point to a global variable or a comptime-known constant. This builtin can be called from a comptime block to conditionally export symbols. When ptr points to a function with the C calling convention and options.linkage is .strong, this is equivalent to the export keyword used on a function: This is equivalent to: Note that even when using export, the @"foo" syntax for identifiers can be used to choose any string for the symbol name: When looking at the resulting object, you can see the symbol is used verbatim: 00000000000001f0 T A function name that is a complete sentence. See also: Exporting a C Library	comptime {\n    @export(&internalName, .{ .name = "foo", .linkage = .strong });\n}\n\nfn internalName() callconv(.c) void {}
@extern	2	@extern(T: type, comptime options: std.builtin.ExternOptions) T	Creates a reference to an external symbol in the output object file. T must be a pointer type. See also: @export	
@field	2	@field(lhs: anytype, comptime field_name: []const u8) (field)	Performs field access by a compile-time string. Works on both fields and declarations.	const std = @import("std");\nconst expectEqual = std.testing.expectEqual;\n\nconst Point = struct {\n    x: u32,\n    y: u32,\n\n    pub var z: u32 = 1;\n};\n\ntest "field access by string" {\n    var p = Point{ .x = 0, .y = 0 };\n\n    @field(p, "x") = 4;\n    @field(p, "y") = @field(p, "x") + 1;\n\n    try expectEqual(4, @field(p, "x"));\n    try expectEqual(5, @field(p, "y"));\n}\n\ntest "decl access by string" {\n    try expectEqual(1, @field(Point, "z"));\n\n    @field(Point, "z") = 2;\n    try expectEqual(2, @field(Point, "z"));\n}
@fieldParentPtr	2	@fieldParentPtr(comptime field_name: []const u8, field_ptr: *T) anytype	Given a pointer to a struct or union field, returns a pointer to the struct or union containing that field. The return type (pointer to the parent struct or union in question) is the inferred result type. If field_ptr does not point to the field_name field of an instance of the result type, and the result type has ill-defined layout, invokes unchecked Illegal Behavior.	
@FieldType	2	@FieldType(comptime Type: type, comptime field_name: []const u8) type	Given a type and the name of one of its fields, returns the type of that field.	
@floatCast	1	@floatCast(value: anytype) anytype	Convert from one float type to another. This cast is safe, but may cause the numeric value to lose precision. The return type is the inferred result type.	
@intFromFloat	1	@intFromFloat(float: anytype) anytype	Deprecated. Equivalent to @trunc. See also: @floatFromInt @round @floor @ceil @trunc	
@frame	0			
@Frame	1			
@frameAddress	0	@frameAddress() usize	This function returns the base pointer of the current stack frame. The implications of this are target-specific and not consistent across all platforms. The frame address may not be available in release mode due to aggressive optimizations. This function is only valid within function scope.	
@hasDecl	2	@hasDecl(comptime Container: type, comptime name: []const u8) bool	Returns whether or not a container has a declaration matching name. See also: @hasField	const std = @import("std");\nconst expect = std.testing.expect;\n\nconst Foo = struct {\n    nope: i32,\n\n    pub var blah = "xxx";\n    const hi = 1;\n};\n\ntest "@hasDecl" {\n    try expect(@hasDecl(Foo, "blah"));\n\n    // Even though `hi` is private, @hasDecl returns true because this test is\n    // in the same file scope as Foo. It would return false if Foo was declared\n    // in a different file.\n    try expect(@hasDecl(Foo, "hi"));\n\n    // @hasDecl is for declarations; not fields.\n    try expect(!@hasDecl(Foo, "nope"));\n    try expect(!@hasDecl(Foo, "nope1234"));\n}
@hasField	2	@hasField(comptime Container: type, comptime name: []const u8) bool	Returns whether the field name of a struct, union, or enum exists. The result is a compile time constant. It does not include functions, variables, or constants. See also: @hasDecl	
@import	1	@import(comptime target: []const u8) anytype	Imports the file at target, adding it to the compilation if it is not already added. target is either a relative path to another file from the file containing the @import call, or it is the name of a module, with the import referring to the root source file of that module. Either way, the file path must end in either .zig (for a Zig source file) or .zon (for a ZON data file). If target refers to a Zig source file, then @import returns that file's corresponding struct type, essentially as if the builtin call was replaced by struct { FILE_CONTENTS }. The return type is type. If target refers to a ZON file, then @import returns the value of the literal in the file. If there is an inferred result type, then the return type is that type, and the ZON literal is interpreted as that type (Result Types are propagated through the ZON expression). Otherwise, the return type is the type of the equivalent Zig expression, essentially as if the builtin call was replaced by the ZON file contents. The following modules are always available for import: @import("std") - Zig Standard Library @import("builtin") - Target-specific information. The command zig build-exe --show-builtin outputs the source to stdout for reference. @import("root") - Alias for the root module. In typical project structures, this means it refers back to src/main.zig. See also: Compile Variables @embedFile	
@inComptime	0	@inComptime() bool	Returns whether the builtin was run in a comptime context. The result is a compile-time constant. This can be used to provide alternative, comptime-friendly implementations of functions. It should not be used, for instance, to exclude certain functions from being evaluated at comptime. See also: comptime	
@intCast	1	@intCast(int: anytype) anytype	Converts an integer to another integer while keeping the same numerical value. The return type is the inferred result type. Attempting to convert a number which is out of range of the destination type results in safety-checked Illegal Behavior. To truncate the significant bits of a number out of range of the destination type, use @truncate. If T is comptime_int, then this is semantically equivalent to Type Coercion.	test "integer cast panic" {\n    var a: u16 = 0xabcd; // runtime-known\n    _ = &a;\n    const b: u8 = @intCast(a);\n    _ = b;\n}
@enumFromInt	1	@enumFromInt(integer: anytype) anytype	Converts an integer into an enum value. The return type is the inferred result type. Attempting to convert an integer with no corresponding value in the enum invokes safety-checked Illegal Behavior. Note that a non-exhaustive enum has corresponding values for all integers in the enum's integer tag type: the _ value represents all the remaining unnamed integers in the enum's tag type. See also: @intFromEnum	
@errorFromInt	1	@errorFromInt(value: @Int(.unsigned, @bitSizeOf(anyerror))) anyerror	Converts from the integer representation of an error into The Global Error Set type. It is generally recommended to avoid this cast, as the integer representation of an error is not stable across source code changes. Attempting to convert an integer that does not correspond to any error results in safety-checked Illegal Behavior. See also: @intFromError	
@floatFromInt	1	@floatFromInt(int: anytype) anytype	Converts an integer to the closest floating point representation. The return type is the inferred result type. To convert the other way, use @round, @floor, @ceil, or @trunc. This operation is legal for all values of all integer types.	
@ptrFromInt	1	@ptrFromInt(address: usize) anytype	Converts an integer to a pointer. The return type is the inferred result type. To convert the other way, use @intFromPtr. Casting an address of 0 to a destination type which in not optional and does not have the allowzero attribute will result in a Pointer Cast Invalid Null panic when runtime safety checks are enabled. If the destination pointer type does not allow address zero and address is zero, this invokes safety-checked Illegal Behavior.	
@max	var	@max(...) T	Takes two or more arguments and returns the biggest value included (the maximum). This builtin accepts integers, floats, and vectors of either. In the latter case, the operation is performed element wise. NaNs are handled as follows: return the biggest non-NaN value included. If all operands are NaN, return NaN. See also: @min Vectors	
@memcpy	2	@memcpy(noalias dest, noalias source) void	This function copies bytes from one region of memory to another. dest must be a mutable slice, a mutable pointer to an array, or a mutable many-item pointer. It may have any alignment, and it may have any element type. source must be a slice, a pointer to an array, or a many-item pointer. It may have any alignment, and it may have any element type. The source element type must have the same in-memory representation as the dest element type. Similar to for loops, at least one of source and dest must provide a length, and if two lengths are provided, they must be equal. Finally, the two memory regions must not overlap.	
@memset	2	@memset(dest, elem) void	This function sets all the elements of a memory region to elem. dest must be a mutable slice or a mutable pointer to an array. It may have any alignment, and it may have any element type. elem is coerced to the element type of dest. For securely zeroing out sensitive contents from memory, you should use std.crypto.secureZero	
@memmove	2	@memmove(dest, source) void	This function copies bytes from one region of memory to another, but unlike @memcpy the regions may overlap. dest must be a mutable slice, a mutable pointer to an array, or a mutable many-item pointer. It may have any alignment, and it may have any element type. source must be a slice, a pointer to an array, or a many-item pointer. It may have any alignment, and it may have any element type. The source element type must have the same in-memory representation as the dest element type. Similar to for loops, at least one of source and dest must provide a length, and if two lengths are provided, they must be equal.	
@min	var	@min(...) T	Takes two or more arguments and returns the smallest value included (the minimum). This builtin accepts integers, floats, and vectors of either. In the latter case, the operation is performed element wise. NaNs are handled as follows: return the smallest non-NaN value included. If all operands are NaN, return NaN. See also: @max Vectors	
@wasmMemorySize	1	@wasmMemorySize(index: u32) usize	This function returns the size of the Wasm memory identified by index as an unsigned value in units of Wasm pages. Note that each Wasm page is 64KB in size. This function is a low level intrinsic with no safety mechanisms usually useful for allocator designers targeting Wasm. So unless you are writing a new allocator from scratch, you should use something like @import("std").heap.WasmPageAllocator. See also: @wasmMemoryGrow	
@wasmMemoryGrow	2	@wasmMemoryGrow(index: u32, delta: usize) isize	This function increases the size of the Wasm memory identified by index by delta in units of unsigned number of Wasm pages. Note that each Wasm page is 64KB in size. On success, returns previous memory size; on failure, if the allocation fails, returns -1. This function is a low level intrinsic with no safety mechanisms usually useful for allocator designers targeting Wasm. So unless you are writing a new allocator from scratch, you should use something like @import("std").heap.WasmPageAllocator. See also: @wasmMemorySize	const std = @import("std");\nconst native_arch = @import("builtin").target.cpu.arch;\nconst expectEqual = std.testing.expectEqual;\n\ntest "@wasmMemoryGrow" {\n    if (native_arch != .wasm32) return error.SkipZigTest;\n\n    const prev = @wasmMemorySize(0);\n    try expectEqual(@wasmMemoryGrow(0, 1), prev);\n    try expectEqual(@wasmMemorySize(0), prev + 1);\n}
@mod	2	@mod(numerator: T, denominator: T) T	Modulus division. For unsigned integers this is the same as numerator % denominator. Caller guarantees denominator != 0, otherwise the operation will result in a Remainder Division by Zero when runtime safety checks are enabled. @mod(-5, 3) == 1 (@divFloor(a, b) * b) + @mod(a, b) == a For a function that returns an error code, see @import("std").math.mod. See also: @rem	
@mulWithOverflow	2	@mulWithOverflow(a: anytype, b: anytype) struct { @TypeOf(a, b), u1 }	Performs a * b and returns a tuple with the result and a possible overflow bit.	
@panic	1	@panic(message: []const u8) noreturn	Invokes the panic handler function. By default the panic handler function calls the public panic function exposed in the root source file, or if there is not one specified, the std.builtin.default_panic function from std/builtin.zig. Generally it is better to use @import("std").debug.panic. However, @panic can be useful for 2 scenarios: From library code, calling the programmer's panic function if they exposed one in the root source file. When mixing C and Zig code, calling the canonical panic implementation across multiple .o files. See also: Panic Handler	
@popCount	1	@popCount(operand: anytype) anytype	@TypeOf(operand) must be an integer type. operand may be an integer or vector. Counts the number of bits set in an integer - "population count". The return type is an unsigned integer or vector of unsigned integers with the minimum number of bits that can represent the bit count of the integer type. See also: @ctz @clz	
@prefetch	2	@prefetch(ptr: anytype, comptime options: PrefetchOptions) void	This builtin tells the compiler to emit a prefetch instruction if supported by the target CPU. If the target CPU does not support the requested prefetch instruction, this builtin is a no-op. This function has no effect on the behavior of the program, only on the performance characteristics. The ptr argument may be any pointer type and determines the memory address to prefetch. This function does not dereference the pointer, it is perfectly legal to pass a pointer to invalid memory to this function and no Illegal Behavior will result. PrefetchOptions can be found with @import("std").builtin.PrefetchOptions.	
@ptrCast	1	@ptrCast(value: anytype) anytype	Converts a pointer of one type to a pointer of another type. The return type is the inferred result type. Optional Pointers are allowed. Casting an optional pointer which is null to a non-optional pointer invokes safety-checked Illegal Behavior. @ptrCast cannot be used for: Removing const qualifier, use @constCast. Removing volatile qualifier, use @volatileCast. Changing pointer address space, use @addrSpaceCast. Increasing pointer alignment, use @alignCast. Casting a non-slice pointer to a slice, use slicing syntax ptr[start..end].	
@intFromPtr	1	@intFromPtr(value: anytype) usize	Converts value to a usize which is the address of the pointer. value can be *T or ?*T. To convert the other way, use @ptrFromInt	
@rem	2	@rem(numerator: T, denominator: T) T	Remainder division. For unsigned integers this is the same as numerator % denominator. Caller guarantees denominator != 0, otherwise the operation will result in a Remainder Division by Zero when runtime safety checks are enabled. @rem(-5, 3) == -2 (@divTrunc(a, b) * b) + @rem(a, b) == a For a function that returns an error code, see @import("std").math.rem. See also: @mod	
@returnAddress	0	@returnAddress() usize	This function returns the address of the next machine code instruction that will be executed when the current function returns. The implications of this are target-specific and not consistent across all platforms. This function is only valid within function scope. If the function gets inlined into a calling function, the returned address will apply to the calling function.	
@select	4	@select(comptime T: type, pred: @Vector(len, bool), a: @Vector(len, T), b: @Vector(len, T)) @Vector(len, T)	Selects values element-wise from a or b based on pred. If pred[i] is true, the corresponding element in the result will be a[i] and otherwise b[i]. See also: Vectors	
@setEvalBranchQuota	1	@setEvalBranchQuota(comptime new_quota: u32) void	Increase the maximum number of backwards branches that compile-time code execution can use before giving up and making a compile error. If the new_quota is smaller than the default quota (1000) or a previously explicitly set quota, it is ignored. Example: Now we use @setEvalBranchQuota: See also: comptime	test "foo" {\n    comptime {\n        var i = 0;\n        while (i < 1001) : (i += 1) {}\n    }\n}
@setFloatMode	1	@setFloatMode(comptime mode: FloatMode) void	Changes the current scope's rules about how floating point operations are defined. .strict (default) - Floating point operations follow strict IEEE compliance. .optimized - Floating point operations may do all of the following: Assume the arguments and result are not NaN. Optimizations are required to retain legal behavior over NaNs, but the value of the result is undefined. Assume the arguments and result are not +/-Inf. Optimizations are required to retain legal behavior over +/-Inf, but the value of the result is undefined. Treat the sign of a zero argument or result as insignificant. Use the reciprocal of an argument rather than perform division. Perform floating-point contraction (e.g. fusing a multiply followed by an addition into a fused multiply-add). Perform algebraically equivalent transformations that may change results in floating point (e.g. reassociate). This is equivalent to -ffast-math in GCC. The floating point mode is inherited by child scopes, and can be overridden in any scope. You can set the floating point mode in a struct or module scope by using a comptime block. FloatMode can be found with @import("std").builtin.FloatMode. See also: Floating Point Operations	
@setRuntimeSafety	1	@setRuntimeSafety(comptime safety_on: bool) void	Sets whether runtime safety checks are enabled for the scope that contains the function call. Note: it is planned to replace @setRuntimeSafety with @optimizeFor	test "@setRuntimeSafety" {\n    // The builtin applies to the scope that it is called in. So here, integer overflow\n    // will not be caught in ReleaseFast and ReleaseSmall modes:\n    // var x: u8 = 255;\n    // x += 1; // Unchecked Illegal Behavior in ReleaseFast/ReleaseSmall modes.\n    {\n        // However this block has safety enabled, so safety checks happen here,\n        // even in ReleaseFast and ReleaseSmall modes.\n        @setRuntimeSafety(true);\n        var x: u8 = 255;\n        x += 1;\n\n        {\n            // The value can be overridden at any scope. So here integer overflow\n            // would not be caught in any build mode.\n            @setRuntimeSafety(false);\n            // var x: u8 = 255;\n            // x += 1; // Unchecked Illegal Behavior in all build modes.\n        }\n    }\n}
@shlExact	2	@shlExact(value: T, shift_amt: Log2T) T	Performs the left shift operation (<<). For unsigned integers, the result is undefined if any 1 bits are shifted out. For signed integers, the result is undefined if any bits that disagree with the resultant sign bit are shifted out. The type of shift_amt is an unsigned integer with log2(@typeInfo(T).int.bits) bits. This is because shift_amt >= @typeInfo(T).int.bits triggers safety-checked Illegal Behavior. comptime_int is modeled as an integer with an infinite number of bits, meaning that in such case, @shlExact always produces a result and cannot produce a compile error. See also: @shrExact @shlWithOverflow	
@shlWithOverflow	2	@shlWithOverflow(a: anytype, shift_amt: Log2T) struct { @TypeOf(a), u1 }	Performs a << b and returns a tuple with the result and a possible overflow bit. The type of shift_amt is an unsigned integer with log2(@typeInfo(@TypeOf(a)).int.bits) bits. This is because shift_amt >= @typeInfo(@TypeOf(a)).int.bits triggers safety-checked Illegal Behavior. See also: @shlExact @shrExact	
@shrExact	2	@shrExact(value: T, shift_amt: Log2T) T	Performs the right shift operation (>>). Caller guarantees that the shift will not shift any 1 bits out. The type of shift_amt is an unsigned integer with log2(@typeInfo(T).int.bits) bits. This is because shift_amt >= @typeInfo(T).int.bits triggers safety-checked Illegal Behavior. See also: @shlExact @shlWithOverflow	
@shuffle	4	@shuffle(comptime E: type, a: @Vector(a_len, E), b: @Vector(b_len, E), comptime mask: @Vector(mask_len, i32)) @Vector(mask_len, E)	Constructs a new vector by selecting elements from a and b based on mask. Each element in mask selects an element from either a or b. Positive numbers select from a starting at 0. Negative values select from b, starting at -1 and going down. It is recommended to use the ~ operator for indexes from b so that both indexes can start from 0 (i.e. ~@as(i32, 0) is -1). For each element of mask, if it or the selected value from a or b is undefined, then the resulting element is undefined. a_len and b_len may differ in length. Out-of-bounds element indexes in mask result in compile errors. If a or b is undefined, it is equivalent to a vector of all undefined with the same length as the other vector. If both vectors are undefined, @shuffle returns a vector with all elements undefined. E must be an integer, float, pointer, or bool. The mask may be any vector length, and its length determines the result length. See also: Vectors	const std = @import("std");\nconst expectEqualStrings = std.testing.expectEqualStrings;\n\ntest "vector @shuffle" {\n    const a = @Vector(7, u8){ 'o', 'l', 'h', 'e', 'r', 'z', 'w' };\n    const b = @Vector(4, u8){ 'w', 'd', '!', 'x' };\n\n    // To shuffle within a single vector, pass undefined as the second argument.\n    // Notice that we can re-order, duplicate, or omit elements of the input vector\n    const mask1 = @Vector(5, i32){ 2, 3, 1, 1, 0 };\n    const res1: @Vector(5, u8) = @shuffle(u8, a, undefined, mask1);\n    try expectEqualStrings("hello", &@as([5]u8, res1));\n\n    // Combining two vectors\n    const mask2 = @Vector(6, i32){ -1, 0, 4, 1, -2, -3 };\n    const res2: @Vector(6, u8) = @shuffle(u8, a, b, mask2);\n    try expectEqualStrings("world!", &@as([6]u8, res2));\n}
@sizeOf	1	@sizeOf(comptime T: type) comptime_int	This function returns the number of bytes it takes to store T in memory. The result is a target-specific compile time constant. This size may contain padding bytes. If there were two consecutive T in memory, the padding would be the offset in bytes between element at index 0 and the element at index 1. For integer, consider whether you want to use @sizeOf(T) or @typeInfo(T).int.bits. This function measures the size at runtime. For types that are disallowed at runtime, such as comptime_int and type, the result is 0. See also: @bitSizeOf @typeInfo	
@splat	1	@splat(scalar: anytype) anytype	Produces an array or vector where each element is the value scalar. The return type and thus the length of the vector is inferred. scalar must be an integer, bool, float, or pointer. See also: Vectors @shuffle	const std = @import("std");\nconst expectEqualSlices = std.testing.expectEqualSlices;\n\ntest "vector @splat" {\n    const scalar: u32 = 5;\n    const result: @Vector(4, u32) = @splat(scalar);\n    try expectEqualSlices(u32, &[_]u32{ 5, 5, 5, 5 }, &@as([4]u32, result));\n}\n\ntest "array @splat" {\n    const scalar: u32 = 5;\n    const result: [4]u32 = @splat(scalar);\n    try expectEqualSlices(u32, &[_]u32{ 5, 5, 5, 5 }, &@as([4]u32, result));\n}
@reduce	2	@reduce(comptime op: std.builtin.ReduceOp, value: anytype) E	Transforms a vector into a scalar value (of type E) by performing a sequential horizontal reduction of its elements using the specified operator op. Not every operator is available for every vector element type: Every operator is available for integer vectors. .And, .Or, .Xor are additionally available for bool vectors, .Min, .Max, .Add, .Mul are additionally available for floating point vectors, Note that .Add and .Mul reductions on integral types are wrapping; when applied on floating point types the operation associativity is preserved, unless the float mode is set to .optimized. See also: Vectors @setFloatMode	const std = @import("std");\nconst expectEqual = std.testing.expectEqual;\n\ntest "vector @reduce" {\n    const V = @Vector(4, i32);\n    const value = V{ 1, -1, 1, -1 };\n    const result = value > @as(V, @splat(0));\n    // result is { true, false, true, false };\n    try comptime expectEqual(@Vector(4, bool), @TypeOf(result));\n    const is_all_true = @reduce(.And, result);\n    try comptime expectEqual(bool, @TypeOf(is_all_true));\n    try expectEqual(false, is_all_true);\n}
@src	0	@src() std.builtin.SourceLocation	Returns a SourceLocation struct representing the function's name and location in the source code. This must be called in a function.	const std = @import("std");\nconst expect = std.testing.expect;\nconst expectEqual = std.testing.expectEqual;\n\ntest "@src" {\n    try doTheTest();\n}\n\nfn doTheTest() !void {\n    const src = @src();\n\n    try expectEqual(10, src.line);\n    try expectEqual(17, src.column);\n    try expect(std.mem.endsWith(u8, src.fn_name, "doTheTest"));\n    try expect(std.mem.endsWith(u8, src.file, "test_src_builtin.zig"));\n}
@sqrt	1	@sqrt(value: anytype) @TypeOf(value)	Performs the square root of a floating point number. Uses a dedicated hardware instruction when available. Supports Floats and Vectors of floats.	
@sin	1	@sin(value: anytype) @TypeOf(value)	Sine trigonometric function on a floating point number in radians. Uses a dedicated hardware instruction when available. Supports Floats and Vectors of floats.	
@cos	1	@cos(value: anytype) @TypeOf(value)	Cosine trigonometric function on a floating point number in radians. Uses a dedicated hardware instruction when available. Supports Floats and Vectors of floats.	
@tan	1	@tan(value: anytype) @TypeOf(value)	Tangent trigonometric function on a floating point number in radians. Uses a dedicated hardware instruction when available. Supports Floats and Vectors of floats.	
@exp	1	@exp(value: anytype) @TypeOf(value)	Base-e exponential function on a floating point number. Uses a dedicated hardware instruction when available. Supports Floats and Vectors of floats.	
@exp2	1	@exp2(value: anytype) @TypeOf(value)	Base-2 exponential function on a floating point number. Uses a dedicated hardware instruction when available. Supports Floats and Vectors of floats.	
@log	1	@log(value: anytype) @TypeOf(value)	Returns the natural logarithm of a floating point number. Uses a dedicated hardware instruction when available. Supports Floats and Vectors of floats.	
@log2	1	@log2(value: anytype) @TypeOf(value)	Returns the logarithm to the base 2 of a floating point number. Uses a dedicated hardware instruction when available. Supports Floats and Vectors of floats.	
@log10	1	@log10(value: anytype) @TypeOf(value)	Returns the logarithm to the base 10 of a floating point number. Uses a dedicated hardware instruction when available. Supports Floats and Vectors of floats.	
@abs	1	@abs(value: anytype) anytype	Returns the absolute value of an integer or a floating point number. Uses a dedicated hardware instruction when available. The return type is always an unsigned integer of the same bit width as the operand if the operand is an integer. Unsigned integer operands are supported. The builtin cannot overflow for signed integer operands. Supports Floats, Integers and Vectors of floats or integers.	
@floor	1	@floor(value: anytype) @TypeOf(value)	Returns the largest integral value not greater than the given floating point number. Uses a dedicated hardware instruction when available. Supports Floats and Vectors of floats. When the inferred result type is an integer, the integer part is extracted from the floored result. If that value cannot fit in the destination type, it invokes safety-checked Illegal Behavior.	
@ceil	1	@ceil(value: anytype) @TypeOf(value)	Returns the smallest integral value not less than the given floating point number. Uses a dedicated hardware instruction when available. Supports Floats and Vectors of floats. When the inferred result type is an integer, the integer part is extracted from the ceiled result. If that value cannot fit in the destination type, it invokes safety-checked Illegal Behavior.	
@trunc	1	@trunc(value: anytype) @TypeOf(value)	Rounds the given floating point number to an integer, towards zero. Uses a dedicated hardware instruction when available. Supports Floats and Vectors of float parameters. When the inferred result type is an integer, the integer part is extracted from the truncated result. If that value cannot fit in the destination type, it invokes safety-checked Illegal Behavior.	
@round	1	@round(value: anytype) @TypeOf(value)	Rounds the given floating point number to the nearest integer. If two integers are equally close, rounds away from zero. Uses a dedicated hardware instruction when available. Supports Floats and Vectors of floats. When the inferred result type is an integer, the integer part is extracted from the rounded result. If that value cannot fit in the destination type, it invokes safety-checked Illegal Behavior.	const expectEqual = @import("std").testing.expectEqual;\n\ntest "@round" {\n    try expectEqual(1, @round(1.4));\n    try expectEqual(2, @round(1.5));\n    try expectEqual(-1, @round(-1.4));\n    try expectEqual(-3, @round(-2.5));\n}
@subWithOverflow	2	@subWithOverflow(a: anytype, b: anytype) struct { @TypeOf(a, b), u1 }	Performs a - b and returns a tuple with the result and a possible overflow bit.	
@tagName	1	@tagName(value: anytype) [:0]const u8	Converts an enum value or union value to a string literal representing the name.If the enum is non-exhaustive and the tag value does not map to a name, it invokes safety-checked Illegal Behavior.	
@This	0	@This() type	Returns the innermost struct, enum, or union that this function call is inside. This can be useful for an anonymous struct that needs to refer to itself: When @This() is used at file scope, it returns a reference to the struct that corresponds to the current file.	const std = @import("std");\nconst expectEqual = std.testing.expectEqual;\n\ntest "@This()" {\n    var items = [_]i32{ 1, 2, 3, 4 };\n    const list = List(i32){ .items = items[0..] };\n    try expectEqual(4, list.length());\n}\n\nfn List(comptime T: type) type {\n    return struct {\n        const Self = @This();\n\n        items: []T,\n\n        fn length(self: Self) usize {\n            return self.items.len;\n        }\n    };\n}
@trap	0	@trap() noreturn	This function inserts a platform-specific trap/jam instruction which can be used to exit the program abnormally. This may be implemented by explicitly emitting an invalid instruction which may cause an illegal instruction exception of some sort. Unlike for @breakpoint(), execution does not continue after this point. Outside function scope, this builtin causes a compile error. See also: @breakpoint	
@truncate	1	@truncate(integer: anytype) anytype	This function truncates bits from an integer type, resulting in a smaller or same-sized integer type. The return type is the inferred result type. This function always truncates the significant bits of the integer, regardless of endianness on the target platform. Calling @truncate on a number out of range of the destination type is well defined and working code: Use @intCast to convert numbers guaranteed to fit the destination type.	const std = @import("std");\nconst expectEqual = std.testing.expectEqual;\n\ntest "integer truncation" {\n    const a: u16 = 0xabcd;\n    const b: u8 = @truncate(a);\n    try expectEqual(0xcd, b);\n}
@EnumLiteral	0	@EnumLiteral() type	Returns the comptime-only "enum literal" type. This is the type of uncoerced Enum Literals. Values of this type can coerce to any enum with a matching field.	
@Int	2	@Int(comptime signedness: std.builtin.Signedness, comptime bits: u16) type	Returns an integer type with the given signedness and bit width. For instance, @Int(.unsigned, 18) returns the type u18.	
@Tuple	1	@Tuple(comptime field_types: []const type) type	Returns a tuple type with the given field types.	
@Pointer	4	@Pointer( comptime size: std.builtin.Type.Pointer.Size, comptime attrs: std.builtin.Type.Pointer.Attributes, comptime Element: type, comptime sentinel: ?Element, ) type	Returns a pointer type with the properties specified by the arguments.	
@Fn	4	@Fn( comptime param_types: []const type, comptime param_attrs: *const [param_types.len]std.builtin.Type.Fn.Param.Attributes, comptime ReturnType: type, comptime attrs: std.builtin.Type.Fn.Attributes, ) type	Returns a function type with the properties specified by the arguments.	
@Struct	5	@Struct( comptime layout: std.builtin.Type.ContainerLayout, comptime BackingInt: ?type, comptime field_names: []const []const u8, comptime field_types: *const [field_names.len]type, comptime field_attrs: *const [field_names.len]std.builtin.Type.StructField.Attributes, ) type	Returns a struct type with the properties specified by the arguments.	
@Union	5	@Union( comptime layout: std.builtin.Type.ContainerLayout, /// Either the integer tag type, or the integer backing type, depending on `layout`. comptime ArgType: ?type, comptime field_names: []const []const u8, comptime field_types: *const [field_names.len]type, comptime field_attrs: *const [field_names.len]std.builtin.Type.UnionField.Attributes, ) type	Returns a union type with the properties specified by the arguments.	
@Enum	4	@Enum( comptime TagInt: type, comptime mode: std.builtin.Type.Enum.Mode, comptime field_names: []const []const u8, comptime field_values: *const [field_names.len]TagInt, ) type	Returns an enum type with the properties specified by the arguments.	
@typeInfo	1	@typeInfo(comptime T: type) std.builtin.Type	Provides type reflection. Type information of structs, unions, enums, and error sets has fields which are guaranteed to be in the same order as appearance in the source file. Type information of structs, unions, enums, and opaques has declarations, which are also guaranteed to be in the same order as appearance in the source file.	
@typeName	1	@typeName(T: type) *const [N:0]u8	This function returns the string representation of a type, as an array. It is equivalent to a string literal of the type name. The returned type name is fully qualified with the parent namespace included as part of the type name with a series of dots.	
@TypeOf	var	@TypeOf(...) type	@TypeOf is a special builtin function that takes any (non-zero) number of expressions as parameters and returns the type of the result, using Peer Type Resolution. The expressions are evaluated, however they are guaranteed to have no runtime side-effects:	const std = @import("std");\nconst expectEqual = std.testing.expectEqual;\n\ntest "no runtime side effects" {\n    var data: i32 = 0;\n    const T = @TypeOf(foo(i32, &data));\n    try comptime expectEqual(i32, T);\n    try expectEqual(0, data);\n}\n\nfn foo(comptime T: type, ptr: *T) T {\n    ptr.* += 1;\n    return ptr.*;\n}
@unionInit	3	@unionInit(comptime Union: type, comptime active_field_name: []const u8, init_expr) Union	This is the same thing as union initialization syntax, except that the field name is a comptime-known value rather than an identifier token. @unionInit forwards its result location to init_expr.	
@Vector	2	@Vector(len: comptime_int, Element: type) type	Creates Vectors.	
@volatileCast	1	@volatileCast(value: anytype) DestType	Remove volatile qualifier from a pointer.	
@workItemId	1	@workItemId(comptime dimension: u32) u32	Returns the index of the work item in the work group in dimension dimension. This function returns values between 0 (inclusive) and @workGroupSize(dimension) (exclusive).	
@workGroupSize	1	@workGroupSize(comptime dimension: u32) u32	Returns the number of work items that a work group has in dimension dimension.	
@workGroupId	1	@workGroupId(comptime dimension: u32) u32	Returns the index of the work group in the current kernel invocation in dimension dimension.	
