path	target
std.ArrayList	array_list.Aligned(T, null)
std.array_list.Managed	AlignedManaged(T, null)
std.array_hash_map.Auto	ArrayHashMap(K, V, AutoContext(K), !autoEqlIsCheap(K))
std.array_hash_map.String	ArrayHashMap([]const u8, V, StringContext, true)
std.bit_set.IntegerBitSet().Iterator	SingleWordIterator(options.direction)
std.bit_set.ArrayBitSet().Iterator	BitSetIterator(MaskInt, options)
std.bit_set.DynamicBitSetUnmanaged.Iterator	BitSetIterator(MaskInt, options)
std.static_string_map.StaticStringMap	StaticStringMapWithEql(V, defaultEql)
std.crypto.auth.siphash.SipHash64	SipHash(u64, c_rounds, d_rounds)
std.crypto.auth.siphash.SipHash128	SipHash(u128, c_rounds, d_rounds)
std.crypto.hash.sha3.TurboShake128	TurboShake(128, delim)
std.crypto.hash.sha3.TurboShake256	TurboShake(256, delim)
std.crypto.hash.sha3.Shake	ShakeLike(security_level, 0x1f, 24)
std.crypto.hash.sha3.TurboShake	ShakeLike(security_level, d, 12)
std.crypto.hash.sha3.CShake	CShakeLike(security_level, 0x04, 24, fname)
std.crypto.hash.sha3.KMac	KMacLike(security_level, 0x04, 24)
std.crypto.hash.sha3.TupleHash	TupleHashLike(security_level, 0x04, 24)
std.enums.EnumMultiset	BoundedEnumMultiset(E, usize)
std.hash_map.AutoHashMap	HashMap(K, V, AutoContext(K), default_max_load_percentage)
std.hash_map.AutoHashMapUnmanaged	HashMapUnmanaged(K, V, AutoContext(K), default_max_load_percentage)
std.hash_map.StringHashMap	HashMap([]const u8, V, StringContext, default_max_load_percentage)
std.hash_map.StringHashMapUnmanaged	HashMapUnmanaged([]const u8, V, StringContext, default_max_load_percentage)
std.heap.MemoryPool	memory_pool.Extra(Item, .{ .alignment = null })
std.heap.memory_pool.Managed	ExtraManaged(Item, .{ .alignment = null })
std.heap.memory_pool.Aligned	Extra(Item, .{ .alignment = alignment })
std.heap.memory_pool.AlignedManaged	ExtraManaged(Item, .{ .alignment = alignment })
std.math.Log2Int	std.meta.Int(.unsigned, log2_bits)
std.math.Log2IntCeil	std.meta.Int(.unsigned, log2_bits)
std.meta.ArgsTuple	Tuple(&argument_field_list)
std.simd.VectorIndex	std.math.IntFittingRange(0, vectorLength(VectorType) - 1)
std.simd.VectorCount	std.math.IntFittingRange(0, vectorLength(VectorType))
std.zig.c_translation.helpers.ArithmeticConversion	ToUnsigned(SignedType)
