family	primitive	decl	kind	detail
hash	Blake3	block_length	const_int	64
hash	Blake3	digest_length	const_int	32
hash	Blake3	key_length	const_int	32
hash	Blake3	Options	type	Blake3.Options
hash	Blake3	KdfOptions	type	Blake3.KdfOptions
hash	Blake3	init	fn	fn (Blake3.Options) Blake3
hash	Blake3	initKdf	fn	fn ([]const u8, Blake3.KdfOptions) Blake3
hash	Blake3	hash	fn	fn ([]const u8, []u8, Blake3.Options) void
hash	Blake3	hashParallel	fn	fn ([]const u8, []u8, Blake3.Options, mem.Allocator, Io) error{Canceled,OutOfMemory}!void
hash	Blake3	update	fn	fn (*Blake3, []const u8) void
hash	Blake3	final	fn	fn (*const Blake3, []u8) void
hash	Blake3	finalizeSeek	fn	fn (*const Blake3, u64, []u8) void
hash	Blake3	reset	fn	fn (*Blake3) void
hash	Sha256	block_length	const_int	64
hash	Sha256	digest_length	const_int	32
hash	Sha256	Options	type	Sha2x32(…,256).Options
hash	Sha256	init	fn	fn (Sha2x32(…,256).Options) Sha2x32(…,256)
hash	Sha256	hash	fn	fn ([]const u8, *[32]u8, Sha2x32(…,256).Options) void
hash	Sha256	update	fn	fn (*Sha2x32(…,256), []const u8) void
hash	Sha256	peek	fn	fn (Sha2x32(…,256)) [32]u8
hash	Sha256	final	fn	fn (*Sha2x32(…,256), *[32]u8) void
hash	Sha256	finalResult	fn	fn (*Sha2x32(…,256)) [32]u8
hash	Sha384	block_length	const_int	128
hash	Sha384	digest_length	const_int	48
hash	Sha384	Options	type	Sha2x64(…,384).Options
hash	Sha384	init	fn	fn (Sha2x64(…,384).Options) Sha2x64(…,384)
hash	Sha384	hash	fn	fn ([]const u8, *[48]u8, Sha2x64(…,384).Options) void
hash	Sha384	update	fn	fn (*Sha2x64(…,384), []const u8) void
hash	Sha384	peek	fn	fn (Sha2x64(…,384)) [48]u8
hash	Sha384	final	fn	fn (*Sha2x64(…,384), *[48]u8) void
hash	Sha384	finalResult	fn	fn (*Sha2x64(…,384)) [48]u8
hash	Sha512	block_length	const_int	128
hash	Sha512	digest_length	const_int	64
hash	Sha512	Options	type	Sha2x64(…,384).Options
hash	Sha512	init	fn	fn (Sha2x64(…,384).Options) Sha2x64(…,512)
hash	Sha512	hash	fn	fn ([]const u8, *[64]u8, Sha2x64(…,384).Options) void
hash	Sha512	update	fn	fn (*Sha2x64(…,512), []const u8) void
hash	Sha512	peek	fn	fn (Sha2x64(…,512)) [64]u8
hash	Sha512	final	fn	fn (*Sha2x64(…,512), *[64]u8) void
hash	Sha512	finalResult	fn	fn (*Sha2x64(…,512)) [64]u8
hash	Sha3_256	digest_length	const_int	32
hash	Sha3_256	block_length	const_int	136
hash	Sha3_256	Options	type	Keccak(1600,256,6,24).Options
hash	Sha3_256	init	fn	fn (Keccak(1600,256,6,24).Options) Keccak(1600,256,6,24)
hash	Sha3_256	hash	fn	fn ([]const u8, *[32]u8, Keccak(1600,256,6,24).Options) void
hash	Sha3_256	update	fn	fn (*Keccak(1600,256,6,24), []const u8) void
hash	Sha3_256	final	fn	fn (*Keccak(1600,256,6,24), *[32]u8) void
hash	Sha3_512	digest_length	const_int	64
hash	Sha3_512	block_length	const_int	72
hash	Sha3_512	Options	type	Keccak(1600,256,6,24).Options
hash	Sha3_512	init	fn	fn (Keccak(1600,256,6,24).Options) Keccak(1600,512,6,24)
hash	Sha3_512	hash	fn	fn ([]const u8, *[64]u8, Keccak(1600,256,6,24).Options) void
hash	Sha3_512	update	fn	fn (*Keccak(1600,512,6,24), []const u8) void
hash	Sha3_512	final	fn	fn (*Keccak(1600,512,6,24), *[64]u8) void
hash	Shake128	digest_length	const_int	32
hash	Shake128	block_length	const_int	168
hash	Shake128	Options	type	ShakeLike(128,31,24).Options
hash	Shake128	init	fn	fn (ShakeLike(128,31,24).Options) ShakeLike(128,31,24)
hash	Shake128	hash	fn	fn ([]const u8, []u8, ShakeLike(128,31,24).Options) void
hash	Shake128	update	fn	fn (*ShakeLike(128,31,24), []const u8) void
hash	Shake128	squeeze	fn	fn (*ShakeLike(128,31,24), []u8) void
hash	Shake128	final	fn	fn (*ShakeLike(128,31,24), []u8) void
hash	Shake128	fillBlock	fn	fn (*ShakeLike(128,31,24)) void
hash	Shake256	digest_length	const_int	64
hash	Shake256	block_length	const_int	136
hash	Shake256	Options	type	ShakeLike(128,31,24).Options
hash	Shake256	init	fn	fn (ShakeLike(128,31,24).Options) ShakeLike(256,31,24)
hash	Shake256	hash	fn	fn ([]const u8, []u8, ShakeLike(128,31,24).Options) void
hash	Shake256	update	fn	fn (*ShakeLike(256,31,24), []const u8) void
hash	Shake256	squeeze	fn	fn (*ShakeLike(256,31,24), []u8) void
hash	Shake256	final	fn	fn (*ShakeLike(256,31,24), []u8) void
hash	Shake256	fillBlock	fn	fn (*ShakeLike(256,31,24)) void
hash	Blake2b256	block_length	const_int	128
hash	Blake2b256	digest_length	const_int	32
hash	Blake2b256	key_length_min	const_int	0
hash	Blake2b256	key_length_max	const_int	64
hash	Blake2b256	key_length	const_int	32
hash	Blake2b256	Options	type	Blake2b(256).Options
hash	Blake2b256	init	fn	fn (Blake2b(256).Options) Blake2b(256)
hash	Blake2b256	hash	fn	fn ([]const u8, *[32]u8, Blake2b(256).Options) void
hash	Blake2b256	update	fn	fn (*Blake2b(256), []const u8) void
hash	Blake2b256	final	fn	fn (*Blake2b(256), *[32]u8) void
hash	Blake2s256	block_length	const_int	64
hash	Blake2s256	digest_length	const_int	32
hash	Blake2s256	key_length_min	const_int	0
hash	Blake2s256	key_length_max	const_int	32
hash	Blake2s256	key_length	const_int	32
hash	Blake2s256	Options	type	Blake2s(256).Options
hash	Blake2s256	init	fn	fn (Blake2s(256).Options) Blake2s(256)
hash	Blake2s256	hash	fn	fn ([]const u8, *[32]u8, Blake2s(256).Options) void
hash	Blake2s256	update	fn	fn (*Blake2s(256), []const u8) void
hash	Blake2s256	final	fn	fn (*Blake2s(256), *[32]u8) void
hash	AsconHash256	digest_length	const_int	32
hash	AsconHash256	block_length	const_int	8
hash	AsconHash256	Options	type	AsconHash256.Options
hash	AsconHash256	init	fn	fn (AsconHash256.Options) AsconHash256
hash	AsconHash256	hash	fn	fn ([]const u8, *[32]u8, AsconHash256.Options) void
hash	AsconHash256	update	fn	fn (*AsconHash256, []const u8) void
hash	AsconHash256	final	fn	fn (*AsconHash256, *[32]u8) void
hash	Md5	block_length	const_int	64
hash	Md5	digest_length	const_int	16
hash	Md5	Options	type	Md5.Options
hash	Md5	init	fn	fn (Md5.Options) Md5
hash	Md5	hash	fn	fn ([]const u8, *[16]u8, Md5.Options) void
hash	Md5	hashResult	fn	fn ([]const u8) [16]u8
hash	Md5	update	fn	fn (*Md5, []const u8) void
hash	Md5	final	fn	fn (*Md5, *[16]u8) void
hash	Sha1	block_length	const_int	64
hash	Sha1	digest_length	const_int	20
hash	Sha1	Options	type	crypto.Sha1.Options
hash	Sha1	init	fn	fn (crypto.Sha1.Options) crypto.Sha1
hash	Sha1	hash	fn	fn ([]const u8, *[20]u8, crypto.Sha1.Options) void
hash	Sha1	update	fn	fn (*crypto.Sha1, []const u8) void
hash	Sha1	peek	fn	fn (crypto.Sha1) [20]u8
hash	Sha1	final	fn	fn (*crypto.Sha1, *[20]u8) void
hash	Sha1	finalResult	fn	fn (*crypto.Sha1) [20]u8
mac	Poly1305	block_length	const_int	16
mac	Poly1305	mac_length	const_int	16
mac	Poly1305	key_length	const_int	32
mac	Poly1305	init	fn	fn (*const [32]u8) Poly1305
mac	Poly1305	update	fn	fn (*Poly1305, []const u8) void
mac	Poly1305	pad	fn	fn (*Poly1305) void
mac	Poly1305	final	fn	fn (*Poly1305, *[16]u8) void
mac	Poly1305	create	fn	fn (*[16]u8, []const u8, *const [32]u8) void
mac	Ghash	block_length	const_int	16
mac	Ghash	mac_length	const_int	16
mac	Ghash	key_length	const_int	16
mac	Ghash	initForBlockCount	fn	fn (*const [16]u8, usize) Hash(.big,true)
mac	Ghash	init	fn	fn (*const [16]u8) Hash(.big,true)
mac	Ghash	update	fn	fn (*Hash(.big,true), []const u8) void
mac	Ghash	pad	fn	fn (*Hash(.big,true)) void
mac	Ghash	final	fn	fn (*Hash(.big,true), *[16]u8) void
mac	Ghash	create	fn	fn (*[16]u8, []const u8, *const [16]u8) void
mac	HmacSha256	mac_length	const_int	32
mac	HmacSha256	key_length_min	const_int	0
mac	HmacSha256	key_length	const_int	32
mac	HmacSha256	create	fn	fn (*[32]u8, []const u8, []const u8) void
mac	HmacSha256	init	fn	fn ([]const u8) Hmac(Sha2x32(…,256))
mac	HmacSha256	update	fn	fn (*Hmac(Sha2x32(…,256)), []const u8) void
mac	HmacSha256	final	fn	fn (*Hmac(Sha2x32(…,256)), *[32]u8) void
mac	HmacSha512	mac_length	const_int	64
mac	HmacSha512	key_length_min	const_int	0
mac	HmacSha512	key_length	const_int	64
mac	HmacSha512	create	fn	fn (*[64]u8, []const u8, []const u8) void
mac	HmacSha512	init	fn	fn ([]const u8) Hmac(Sha2x64(…,512))
mac	HmacSha512	update	fn	fn (*Hmac(Sha2x64(…,512)), []const u8) void
mac	HmacSha512	final	fn	fn (*Hmac(Sha2x64(…,512)), *[64]u8) void
aead	ChaCha20Poly1305	tag_length	const_int	16
aead	ChaCha20Poly1305	nonce_length	const_int	12
aead	ChaCha20Poly1305	key_length	const_int	32
aead	ChaCha20Poly1305	encrypt	fn	fn ([]u8, *[16]u8, []const u8, []const u8, [12]u8, [32]u8) void
aead	ChaCha20Poly1305	decrypt	fn	fn ([]u8, []const u8, [16]u8, []const u8, [12]u8, [32]u8) error{AuthenticationFailed}!void
aead	XChaCha20Poly1305	tag_length	const_int	16
aead	XChaCha20Poly1305	nonce_length	const_int	24
aead	XChaCha20Poly1305	key_length	const_int	32
aead	XChaCha20Poly1305	encrypt	fn	fn ([]u8, *[16]u8, []const u8, []const u8, [24]u8, [32]u8) void
aead	XChaCha20Poly1305	decrypt	fn	fn ([]u8, []const u8, [16]u8, []const u8, [24]u8, [32]u8) error{AuthenticationFailed}!void
aead	Aes128Gcm	tag_length	const_int	16
aead	Aes128Gcm	nonce_length	const_int	12
aead	Aes128Gcm	key_length	const_int	16
aead	Aes128Gcm	encrypt	fn	fn ([]u8, *[16]u8, []const u8, []const u8, [12]u8, [16]u8) void
aead	Aes128Gcm	decrypt	fn	fn ([]u8, []const u8, [16]u8, []const u8, [12]u8, [16]u8) error{AuthenticationFailed}!void
aead	Aes256Gcm	tag_length	const_int	16
aead	Aes256Gcm	nonce_length	const_int	12
aead	Aes256Gcm	key_length	const_int	32
aead	Aes256Gcm	encrypt	fn	fn ([]u8, *[16]u8, []const u8, []const u8, [12]u8, [32]u8) void
aead	Aes256Gcm	decrypt	fn	fn ([]u8, []const u8, [16]u8, []const u8, [12]u8, [32]u8) error{AuthenticationFailed}!void
aead	Aes256GcmSiv	tag_length	const_int	16
aead	Aes256GcmSiv	nonce_length	const_int	12
aead	Aes256GcmSiv	key_length	const_int	32
aead	Aes256GcmSiv	encrypt	fn	fn ([]u8, *[16]u8, []const u8, []const u8, [12]u8, [32]u8) void
aead	Aes256GcmSiv	decrypt	fn	fn ([]u8, []const u8, [16]u8, []const u8, [12]u8, [32]u8) error{AuthenticationFailed}!void
aead	Aegis128L	tag_length	const_int	16
aead	Aegis128L	nonce_length	const_int	16
aead	Aegis128L	key_length	const_int	16
aead	Aegis128L	block_length	const_int	32
aead	Aegis128L	encrypt	fn	fn ([]u8, *[16]u8, []const u8, []const u8, [16]u8, [16]u8) void
aead	Aegis128L	decrypt	fn	fn ([]u8, []const u8, [16]u8, []const u8, [16]u8, [16]u8) error{AuthenticationFailed}!void
aead	Aegis256	tag_length	const_int	16
aead	Aegis256	nonce_length	const_int	32
aead	Aegis256	key_length	const_int	32
aead	Aegis256	block_length	const_int	16
aead	Aegis256	encrypt	fn	fn ([]u8, *[16]u8, []const u8, []const u8, [32]u8, [32]u8) void
aead	Aegis256	decrypt	fn	fn ([]u8, []const u8, [16]u8, []const u8, [32]u8, [32]u8) error{AuthenticationFailed}!void
aead	AsconAead128	tag_length	const_int	16
aead	AsconAead128	nonce_length	const_int	16
aead	AsconAead128	key_length	const_int	16
aead	AsconAead128	block_length	const_int	16
aead	AsconAead128	encrypt	fn	fn ([]u8, *[16]u8, []const u8, []const u8, [16]u8, [16]u8) void
aead	AsconAead128	decrypt	fn	fn ([]u8, []const u8, [16]u8, []const u8, [16]u8, [16]u8) error{AuthenticationFailed}!void
aead	IsapA128A	key_length	const_int	16
aead	IsapA128A	nonce_length	const_int	16
aead	IsapA128A	tag_length	const_int	16
aead	IsapA128A	encrypt	fn	fn ([]u8, *[16]u8, []const u8, []const u8, [16]u8, [16]u8) void
aead	IsapA128A	decrypt	fn	fn ([]u8, []const u8, [16]u8, []const u8, [16]u8, [16]u8) error{AuthenticationFailed}!void
stream	ChaCha20IETF	nonce_length	const_int	12
stream	ChaCha20IETF	key_length	const_int	32
stream	ChaCha20IETF	block_length	const_int	64
stream	ChaCha20IETF	xor	fn	fn ([]u8, []const u8, u32, [32]u8, [12]u8) void
stream	ChaCha20IETF	stream	fn	fn ([]u8, u32, [32]u8, [12]u8) void
stream	XChaCha20IETF	nonce_length	const_int	24
stream	XChaCha20IETF	key_length	const_int	32
stream	XChaCha20IETF	block_length	const_int	64
stream	XChaCha20IETF	xor	fn	fn ([]u8, []const u8, u32, [32]u8, [24]u8) void
stream	XChaCha20IETF	stream	fn	fn ([]u8, u32, [32]u8, [24]u8) void
stream	Salsa20	nonce_length	const_int	8
stream	Salsa20	key_length	const_int	32
stream	Salsa20	xor	fn	fn ([]u8, []const u8, u64, [32]u8, [8]u8) void
kdf	HkdfSha256	prk_length	const_int	32
kdf	HkdfSha256	extract	fn	fn ([]const u8, []const u8) [32]u8
kdf	HkdfSha256	extractInit	fn	fn ([]const u8) Hmac(Sha2x32(…,256))
kdf	HkdfSha256	expand	fn	fn ([]u8, []const u8, [32]u8) void
kdf	HkdfSha512	prk_length	const_int	64
kdf	HkdfSha512	extract	fn	fn ([]const u8, []const u8) [64]u8
kdf	HkdfSha512	extractInit	fn	fn ([]const u8) Hmac(Sha2x64(…,512))
kdf	HkdfSha512	expand	fn	fn ([]u8, []const u8, [64]u8) void
kex	X25519	Curve	type	Curve25519
kex	X25519	secret_length	const_int	32
kex	X25519	public_length	const_int	32
kex	X25519	shared_length	const_int	32
kex	X25519	seed_length	const_int	32
kex	X25519	KeyPair	type	X25519.KeyPair
kex	X25519.KeyPair	generateDeterministic	fn	fn ([32]u8) error{IdentityElement}!X25519.KeyPair
kex	X25519.KeyPair	generate	fn	fn (Io) X25519.KeyPair
kex	X25519.KeyPair	fromEd25519	fn	fn (Ed25519.KeyPair) error{IdentityElement,InvalidEncoding}!X25519.KeyPair
kex	X25519	recoverPublicKey	fn	fn ([32]u8) error{IdentityElement}![32]u8
kex	X25519	publicKeyFromEd25519	fn	fn (Ed25519.PublicKey) error{IdentityElement,InvalidEncoding}![32]u8
kex	X25519	scalarmult	fn	fn ([32]u8, [32]u8) error{IdentityElement}![32]u8
kem	MlKem768X25519	PublicKey	type	HybridKem(.{ .name = &.{ ... }[0..(...)], .label = &.{ ... }[0..(...)], .PqKem = Kyber(.{ .name = &.{ ... }[0..(...)], .ml_kem = true, .k = 3, .eta1 = 2, .du = 10, .dv = 4 }), .Group = X25519Group, .pq_nseed = 64, .Nseed = 32, .Nek = 1216, .Ndk = 32, .Nct = 1120, .Nss = 32, .Xof = ShakeLike(256,31,24) }).PublicKey
kem	MlKem768X25519.PublicKey	encoded_length	const_int	1216
kem	MlKem768X25519.PublicKey	toBytes	fn	fn (HybridKem(.{ .name = &.{ ... }[0..(...)], .label = &.{ ... }[0..(...)], .PqKem = Kyber(.{ .name = &.{ ... }[0..(...)], .ml_kem = true, .k = 3, .eta1 = 2, .du = 10, .dv = 4 }), .Group = X25519Group, .pq_nseed = 64, .Nseed = 32, .Nek = 1216, .Ndk = 32, .Nct = 1120, .Nss = 32, .Xof = ShakeLike(256,31,24) }).PublicKey) [1216]u8
kem	MlKem768X25519.PublicKey	fromBytes	fn	fn (*const [1216]u8) HybridKem(.{ .name = &.{ ... }[0..(...)], .label = &.{ ... }[0..(...)], .PqKem = Kyber(.{ .name = &.{ ... }[0..(...)], .ml_kem = true, .k = 3, .eta1 = 2, .du = 10, .dv = 4 }), .Group = X25519Group, .pq_nseed = 64, .Nseed = 32, .Nek = 1216, .Ndk = 32, .Nct = 1120, .Nss = 32, .Xof = ShakeLike(256,31,24) }).PublicKey
kem	MlKem768X25519.PublicKey	encaps	fn	"fn (HybridKem(.{ .name = &.{ ... }[0..(...)], .label = &.{ ... }[0..(...)], .PqKem = Kyber(.{ .name = &.{ ... }[0..(...)], .ml_kem = true, .k = 3, .eta1 = 2, .du = 10, .dv = 4 }), .Group = X25519Group, .pq_nseed = 64, .Nseed = 32, .Nek = 1216, .Ndk = 32, .Nct = 1120, .Nss = 32, .Xof = ShakeLike(256,31,24) }).PublicKey, Io) @typeInfo(@typeInfo(@TypeOf(HybridKem(.{ .name = &.{ ... }[0..(...)], .label = &.{ ... }[0..(...)], .PqKem = Kyber(.{ .name = &.{ ... }[0..(...)], .ml_kem = true, .k = 3, .eta1 = 2, .du = 10, .dv = 4 }), .Group = X25519Group, .pq_nseed = 64, .Nseed = 32, .Nek = 1216, .Ndk = 32, .Nct = 1120, .Nss = 32, .Xof = ShakeLike(256,31,24) }).PublicKey.encaps)).@""fn"".return_type.?).error_union.error_set!HybridKem(.{ .name = &.{ ... }[0..(...)], .label = &.{ ... }[0..(...)], .PqKem = Kyber(.{ .name = &.{ ... }[0..(...)], .ml_kem = true, .k = 3, .eta1 = 2, .du = 10, .dv = 4 }), .Group = X25519Group, .pq_nseed = 64, .Nseed = 32, .Nek = 1216, .Ndk = 32, .Nct = 1120, .Nss = 32, .Xof = ShakeLike(256,31,24) }).EncapsulatedSecret"
kem	MlKem768X25519.PublicKey	encapsDeterministic	fn	"fn (HybridKem(.{ .name = &.{ ... }[0..(...)], .label = &.{ ... }[0..(...)], .PqKem = Kyber(.{ .name = &.{ ... }[0..(...)], .ml_kem = true, .k = 3, .eta1 = 2, .du = 10, .dv = 4 }), .Group = X25519Group, .pq_nseed = 64, .Nseed = 32, .Nek = 1216, .Ndk = 32, .Nct = 1120, .Nss = 32, .Xof = ShakeLike(256,31,24) }).PublicKey, []const u8) @typeInfo(@typeInfo(@TypeOf(HybridKem(.{ .name = &.{ ... }[0..(...)], .label = &.{ ... }[0..(...)], .PqKem = Kyber(.{ .name = &.{ ... }[0..(...)], .ml_kem = true, .k = 3, .eta1 = 2, .du = 10, .dv = 4 }), .Group = X25519Group, .pq_nseed = 64, .Nseed = 32, .Nek = 1216, .Ndk = 32, .Nct = 1120, .Nss = 32, .Xof = ShakeLike(256,31,24) }).PublicKey.encapsDeterministic)).@""fn"".return_type.?).error_union.error_set!HybridKem(.{ .name = &.{ ... }[0..(...)], .label = &.{ ... }[0..(...)], .PqKem = Kyber(.{ .name = &.{ ... }[0..(...)], .ml_kem = true, .k = 3, .eta1 = 2, .du = 10, .dv = 4 }), .Group = X25519Group, .pq_nseed = 64, .Nseed = 32, .Nek = 1216, .Ndk = 32, .Nct = 1120, .Nss = 32, .Xof = ShakeLike(256,31,24) }).EncapsulatedSecret"
kem	MlKem768X25519	SecretKey	type	HybridKem(.{ .name = &.{ ... }[0..(...)], .label = &.{ ... }[0..(...)], .PqKem = Kyber(.{ .name = &.{ ... }[0..(...)], .ml_kem = true, .k = 3, .eta1 = 2, .du = 10, .dv = 4 }), .Group = X25519Group, .pq_nseed = 64, .Nseed = 32, .Nek = 1216, .Ndk = 32, .Nct = 1120, .Nss = 32, .Xof = ShakeLike(256,31,24) }).SecretKey
kem	MlKem768X25519.SecretKey	encoded_length	const_int	32
kem	MlKem768X25519.SecretKey	toBytes	fn	fn (HybridKem(.{ .name = &.{ ... }[0..(...)], .label = &.{ ... }[0..(...)], .PqKem = Kyber(.{ .name = &.{ ... }[0..(...)], .ml_kem = true, .k = 3, .eta1 = 2, .du = 10, .dv = 4 }), .Group = X25519Group, .pq_nseed = 64, .Nseed = 32, .Nek = 1216, .Ndk = 32, .Nct = 1120, .Nss = 32, .Xof = ShakeLike(256,31,24) }).SecretKey) [32]u8
kem	MlKem768X25519.SecretKey	fromBytes	fn	fn (*const [32]u8) HybridKem(.{ .name = &.{ ... }[0..(...)], .label = &.{ ... }[0..(...)], .PqKem = Kyber(.{ .name = &.{ ... }[0..(...)], .ml_kem = true, .k = 3, .eta1 = 2, .du = 10, .dv = 4 }), .Group = X25519Group, .pq_nseed = 64, .Nseed = 32, .Nek = 1216, .Ndk = 32, .Nct = 1120, .Nss = 32, .Xof = ShakeLike(256,31,24) }).SecretKey
kem	MlKem768X25519.SecretKey	decaps	fn	"fn (HybridKem(.{ .name = &.{ ... }[0..(...)], .label = &.{ ... }[0..(...)], .PqKem = Kyber(.{ .name = &.{ ... }[0..(...)], .ml_kem = true, .k = 3, .eta1 = 2, .du = 10, .dv = 4 }), .Group = X25519Group, .pq_nseed = 64, .Nseed = 32, .Nek = 1216, .Ndk = 32, .Nct = 1120, .Nss = 32, .Xof = ShakeLike(256,31,24) }).SecretKey, *const [1120]u8) @typeInfo(@typeInfo(@TypeOf(HybridKem(.{ .name = &.{ ... }[0..(...)], .label = &.{ ... }[0..(...)], .PqKem = Kyber(.{ .name = &.{ ... }[0..(...)], .ml_kem = true, .k = 3, .eta1 = 2, .du = 10, .dv = 4 }), .Group = X25519Group, .pq_nseed = 64, .Nseed = 32, .Nek = 1216, .Ndk = 32, .Nct = 1120, .Nss = 32, .Xof = ShakeLike(256,31,24) }).SecretKey.decaps)).@""fn"".return_type.?).error_union.error_set![32]u8"
kem	MlKem768X25519	KeyPair	type	HybridKem(.{ .name = &.{ ... }[0..(...)], .label = &.{ ... }[0..(...)], .PqKem = Kyber(.{ .name = &.{ ... }[0..(...)], .ml_kem = true, .k = 3, .eta1 = 2, .du = 10, .dv = 4 }), .Group = X25519Group, .pq_nseed = 64, .Nseed = 32, .Nek = 1216, .Ndk = 32, .Nct = 1120, .Nss = 32, .Xof = ShakeLike(256,31,24) }).KeyPair
kem	MlKem768X25519.KeyPair	generateDeterministic	fn	"fn ([32]u8) @typeInfo(@typeInfo(@TypeOf(HybridKem(.{ .name = &.{ ... }[0..(...)], .label = &.{ ... }[0..(...)], .PqKem = Kyber(.{ .name = &.{ ... }[0..(...)], .ml_kem = true, .k = 3, .eta1 = 2, .du = 10, .dv = 4 }), .Group = X25519Group, .pq_nseed = 64, .Nseed = 32, .Nek = 1216, .Ndk = 32, .Nct = 1120, .Nss = 32, .Xof = ShakeLike(256,31,24) }).KeyPair.generateDeterministic)).@""fn"".return_type.?).error_union.error_set!HybridKem(.{ .name = &.{ ... }[0..(...)], .label = &.{ ... }[0..(...)], .PqKem = Kyber(.{ .name = &.{ ... }[0..(...)], .ml_kem = true, .k = 3, .eta1 = 2, .du = 10, .dv = 4 }), .Group = X25519Group, .pq_nseed = 64, .Nseed = 32, .Nek = 1216, .Ndk = 32, .Nct = 1120, .Nss = 32, .Xof = ShakeLike(256,31,24) }).KeyPair"
kem	MlKem768X25519.KeyPair	generate	fn	"fn (Io) @typeInfo(@typeInfo(@TypeOf(HybridKem(.{ .name = &.{ ... }[0..(...)], .label = &.{ ... }[0..(...)], .PqKem = Kyber(.{ .name = &.{ ... }[0..(...)], .ml_kem = true, .k = 3, .eta1 = 2, .du = 10, .dv = 4 }), .Group = X25519Group, .pq_nseed = 64, .Nseed = 32, .Nek = 1216, .Ndk = 32, .Nct = 1120, .Nss = 32, .Xof = ShakeLike(256,31,24) }).KeyPair.generate)).@""fn"".return_type.?).error_union.error_set!HybridKem(.{ .name = &.{ ... }[0..(...)], .label = &.{ ... }[0..(...)], .PqKem = Kyber(.{ .name = &.{ ... }[0..(...)], .ml_kem = true, .k = 3, .eta1 = 2, .du = 10, .dv = 4 }), .Group = X25519Group, .pq_nseed = 64, .Nseed = 32, .Nek = 1216, .Ndk = 32, .Nct = 1120, .Nss = 32, .Xof = ShakeLike(256,31,24) }).KeyPair"
kem	MlKem768X25519	EncapsulatedSecret	type	HybridKem(.{ .name = &.{ ... }[0..(...)], .label = &.{ ... }[0..(...)], .PqKem = Kyber(.{ .name = &.{ ... }[0..(...)], .ml_kem = true, .k = 3, .eta1 = 2, .du = 10, .dv = 4 }), .Group = X25519Group, .pq_nseed = 64, .Nseed = 32, .Nek = 1216, .Ndk = 32, .Nct = 1120, .Nss = 32, .Xof = ShakeLike(256,31,24) }).EncapsulatedSecret
kem	MLKem768	ciphertext_length	const_int	1088
kem	MLKem768	shared_length	const_int	32
kem	MLKem768	encaps_seed_length	const_int	32
kem	MLKem768	seed_length	const_int	64
kem	MLKem768	name	const_other	[]const u8
kem	MLKem768	EncapsulatedSecret	type	Kyber(.{ .name = &.{ ... }[0..(...)], .ml_kem = true, .k = 3, .eta1 = 2, .du = 10, .dv = 4 }).EncapsulatedSecret
kem	MLKem768	PublicKey	type	Kyber(.{ .name = &.{ ... }[0..(...)], .ml_kem = true, .k = 3, .eta1 = 2, .du = 10, .dv = 4 }).PublicKey
kem	MLKem768.PublicKey	encoded_length	const_int	1184
kem	MLKem768.PublicKey	encaps	fn	fn (Kyber(.{ .name = &.{ ... }[0..(...)], .ml_kem = true, .k = 3, .eta1 = 2, .du = 10, .dv = 4 }).PublicKey, Io) Kyber(.{ .name = &.{ ... }[0..(...)], .ml_kem = true, .k = 3, .eta1 = 2, .du = 10, .dv = 4 }).EncapsulatedSecret
kem	MLKem768.PublicKey	encapsDeterministic	fn	fn (Kyber(.{ .name = &.{ ... }[0..(...)], .ml_kem = true, .k = 3, .eta1 = 2, .du = 10, .dv = 4 }).PublicKey, *const [32]u8) Kyber(.{ .name = &.{ ... }[0..(...)], .ml_kem = true, .k = 3, .eta1 = 2, .du = 10, .dv = 4 }).EncapsulatedSecret
kem	MLKem768.PublicKey	toBytes	fn	fn (Kyber(.{ .name = &.{ ... }[0..(...)], .ml_kem = true, .k = 3, .eta1 = 2, .du = 10, .dv = 4 }).PublicKey) [1184]u8
kem	MLKem768.PublicKey	fromBytes	fn	fn (*const [1184]u8) error{NonCanonical}!Kyber(.{ .name = &.{ ... }[0..(...)], .ml_kem = true, .k = 3, .eta1 = 2, .du = 10, .dv = 4 }).PublicKey
kem	MLKem768	SecretKey	type	Kyber(.{ .name = &.{ ... }[0..(...)], .ml_kem = true, .k = 3, .eta1 = 2, .du = 10, .dv = 4 }).SecretKey
kem	MLKem768.SecretKey	encoded_length	const_int	2400
kem	MLKem768.SecretKey	decaps	fn	"fn (Kyber(.{ .name = &.{ ... }[0..(...)], .ml_kem = true, .k = 3, .eta1 = 2, .du = 10, .dv = 4 }).SecretKey, *const [1088]u8) @typeInfo(@typeInfo(@TypeOf(Kyber(.{ .name = &.{ ... }[0..(...)], .ml_kem = true, .k = 3, .eta1 = 2, .du = 10, .dv = 4 }).SecretKey.decaps)).@""fn"".return_type.?).error_union.error_set![32]u8"
kem	MLKem768.SecretKey	toBytes	fn	fn (Kyber(.{ .name = &.{ ... }[0..(...)], .ml_kem = true, .k = 3, .eta1 = 2, .du = 10, .dv = 4 }).SecretKey) [2400]u8
kem	MLKem768.SecretKey	fromBytes	fn	fn (*const [2400]u8) error{NonCanonical}!Kyber(.{ .name = &.{ ... }[0..(...)], .ml_kem = true, .k = 3, .eta1 = 2, .du = 10, .dv = 4 }).SecretKey
kem	MLKem768	KeyPair	type	Kyber(.{ .name = &.{ ... }[0..(...)], .ml_kem = true, .k = 3, .eta1 = 2, .du = 10, .dv = 4 }).KeyPair
kem	MLKem768.KeyPair	generateDeterministic	fn	"fn ([64]u8) @typeInfo(@typeInfo(@TypeOf(Kyber(.{ .name = &.{ ... }[0..(...)], .ml_kem = true, .k = 3, .eta1 = 2, .du = 10, .dv = 4 }).KeyPair.generateDeterministic)).@""fn"".return_type.?).error_union.error_set!Kyber(.{ .name = &.{ ... }[0..(...)], .ml_kem = true, .k = 3, .eta1 = 2, .du = 10, .dv = 4 }).KeyPair"
kem	MLKem768.KeyPair	generate	fn	fn (Io) Kyber(.{ .name = &.{ ... }[0..(...)], .ml_kem = true, .k = 3, .eta1 = 2, .du = 10, .dv = 4 }).KeyPair
sign	Ed25519	Curve	type	Edwards25519
sign	Ed25519	noise_length	const_int	32
sign	Ed25519	SecretKey	type	Ed25519.SecretKey
sign	Ed25519.SecretKey	encoded_length	const_int	64
sign	Ed25519.SecretKey	seed	fn	fn (Ed25519.SecretKey) [32]u8
sign	Ed25519.SecretKey	publicKeyBytes	fn	fn (Ed25519.SecretKey) [32]u8
sign	Ed25519.SecretKey	fromBytes	fn	fn ([64]u8) error{inferred}!Ed25519.SecretKey
sign	Ed25519.SecretKey	toBytes	fn	fn (Ed25519.SecretKey) [64]u8
sign	Ed25519	Signer	type	Ed25519.Signer
sign	Ed25519.Signer	update	fn	fn (*Ed25519.Signer, []const u8) void
sign	Ed25519.Signer	finalize	fn	fn (*Ed25519.Signer) Ed25519.Signature
sign	Ed25519	PublicKey	type	Ed25519.PublicKey
sign	Ed25519.PublicKey	encoded_length	const_int	32
sign	Ed25519.PublicKey	fromBytes	fn	fn ([32]u8) error{NonCanonical}!Ed25519.PublicKey
sign	Ed25519.PublicKey	toBytes	fn	fn (Ed25519.PublicKey) [32]u8
sign	Ed25519	Verifier	type	Ed25519.Verifier
sign	Ed25519.Verifier	InitError	type	error{IdentityElement,InvalidEncoding,NonCanonical}
sign	Ed25519.Verifier	update	fn	fn (*Ed25519.Verifier, []const u8) void
sign	Ed25519.Verifier	VerifyError	type	error{IdentityElement,SignatureVerificationFailed,WeakPublicKey}
sign	Ed25519.Verifier	verify	fn	fn (*Ed25519.Verifier) error{IdentityElement,SignatureVerificationFailed,WeakPublicKey}!void
sign	Ed25519.Verifier	verifyStrict	fn	fn (*Ed25519.Verifier) error{IdentityElement,SignatureVerificationFailed,WeakPublicKey}!void
sign	Ed25519	Signature	type	Ed25519.Signature
sign	Ed25519.Signature	encoded_length	const_int	64
sign	Ed25519.Signature	toBytes	fn	fn (Ed25519.Signature) [64]u8
sign	Ed25519.Signature	fromBytes	fn	fn ([64]u8) Ed25519.Signature
sign	Ed25519.Signature	verifier	fn	fn (Ed25519.Signature, Ed25519.PublicKey) error{IdentityElement,InvalidEncoding,NonCanonical}!Ed25519.Verifier
sign	Ed25519.Signature	VerifyError	type	error{IdentityElement,InvalidEncoding,NonCanonical,SignatureVerificationFailed,WeakPublicKey}
sign	Ed25519.Signature	verify	fn	fn (Ed25519.Signature, []const u8, Ed25519.PublicKey) error{IdentityElement,InvalidEncoding,NonCanonical,SignatureVerificationFailed,WeakPublicKey}!void
sign	Ed25519.Signature	verifyStrict	fn	fn (Ed25519.Signature, []const u8, Ed25519.PublicKey) error{IdentityElement,InvalidEncoding,NonCanonical,SignatureVerificationFailed,WeakPublicKey}!void
sign	Ed25519	KeyPair	type	Ed25519.KeyPair
sign	Ed25519.KeyPair	seed_length	const_int	32
sign	Ed25519.KeyPair	generateDeterministic	fn	fn ([32]u8) error{IdentityElement}!Ed25519.KeyPair
sign	Ed25519.KeyPair	generate	fn	fn (Io) Ed25519.KeyPair
sign	Ed25519.KeyPair	fromSecretKey	fn	fn (Ed25519.SecretKey) error{IdentityElement,InvalidEncoding,NonCanonical}!Ed25519.KeyPair
sign	Ed25519.KeyPair	sign	fn	fn (Ed25519.KeyPair, []const u8, ?[32]u8) error{IdentityElement,KeyMismatch,NonCanonical,WeakPublicKey}!Ed25519.Signature
sign	Ed25519.KeyPair	signerWithBaseNonce	fn	fn (Ed25519.KeyPair, [32]u8, ?[32]u8) error{IdentityElement,KeyMismatch,NonCanonical,WeakPublicKey}!Ed25519.Signer
sign	Ed25519.KeyPair	signer	fn	fn (Ed25519.KeyPair, ?[32]u8, Io) error{IdentityElement,KeyMismatch,NonCanonical,WeakPublicKey}!Ed25519.Signer
sign	Ed25519	BatchElement	type	Ed25519.BatchElement
sign	Ed25519	verifyBatch	fn	fn (Io, comptime usize, anytype) error{IdentityElement,InvalidEncoding,NonCanonical,SignatureVerificationFailed,WeakPublicKey}!void
sign	Ed25519	key_blinding	type	Ed25519.key_blinding
sign	EcdsaP256Sha256	noise_length	const_int	32
sign	EcdsaP256Sha256	SecretKey	type	Ecdsa(P256,Sha2x32(…,256)).SecretKey
sign	EcdsaP256Sha256.SecretKey	encoded_length	const_int	32
sign	EcdsaP256Sha256.SecretKey	fromBytes	fn	"fn ([32]u8) @typeInfo(@typeInfo(@TypeOf(Ecdsa(P256,Sha2x32(…,256)).SecretKey.fromBytes)).@""fn"".return_type.?).error_union.error_set!Ecdsa(P256,Sha2x32(…,256)).SecretKey"
sign	EcdsaP256Sha256.SecretKey	toBytes	fn	fn (Ecdsa(P256,Sha2x32(…,256)).SecretKey) [32]u8
sign	EcdsaP256Sha256	PublicKey	type	Ecdsa(P256,Sha2x32(…,256)).PublicKey
sign	EcdsaP256Sha256.PublicKey	compressed_sec1_encoded_length	const_int	33
sign	EcdsaP256Sha256.PublicKey	uncompressed_sec1_encoded_length	const_int	65
sign	EcdsaP256Sha256.PublicKey	fromSec1	fn	"fn ([]const u8) @typeInfo(@typeInfo(@TypeOf(Ecdsa(P256,Sha2x32(…,256)).PublicKey.fromSec1)).@""fn"".return_type.?).error_union.error_set!Ecdsa(P256,Sha2x32(…,256)).PublicKey"
sign	EcdsaP256Sha256.PublicKey	toCompressedSec1	fn	fn (Ecdsa(P256,Sha2x32(…,256)).PublicKey) [33]u8
sign	EcdsaP256Sha256.PublicKey	toUncompressedSec1	fn	fn (Ecdsa(P256,Sha2x32(…,256)).PublicKey) [65]u8
sign	EcdsaP256Sha256	Signature	type	Ecdsa(P256,Sha2x32(…,256)).Signature
sign	EcdsaP256Sha256.Signature	encoded_length	const_int	64
sign	EcdsaP256Sha256.Signature	der_encoded_length_max	const_int	72
sign	EcdsaP256Sha256.Signature	verifier	fn	fn (Ecdsa(P256,Sha2x32(…,256)).Signature, Ecdsa(P256,Sha2x32(…,256)).PublicKey) error{IdentityElement,NonCanonical}!Ecdsa(P256,Sha2x32(…,256)).Verifier
sign	EcdsaP256Sha256.Signature	VerifyError	type	error{IdentityElement,NonCanonical,SignatureVerificationFailed}
sign	EcdsaP256Sha256.Signature	verify	fn	fn (Ecdsa(P256,Sha2x32(…,256)).Signature, []const u8, Ecdsa(P256,Sha2x32(…,256)).PublicKey) error{IdentityElement,NonCanonical,SignatureVerificationFailed}!void
sign	EcdsaP256Sha256.Signature	verifyPrehashed	fn	fn (Ecdsa(P256,Sha2x32(…,256)).Signature, [32]u8, Ecdsa(P256,Sha2x32(…,256)).PublicKey) error{IdentityElement,NonCanonical,SignatureVerificationFailed}!void
sign	EcdsaP256Sha256.Signature	toBytes	fn	fn (Ecdsa(P256,Sha2x32(…,256)).Signature) [64]u8
sign	EcdsaP256Sha256.Signature	fromBytes	fn	fn ([64]u8) Ecdsa(P256,Sha2x32(…,256)).Signature
sign	EcdsaP256Sha256.Signature	toDer	fn	fn (Ecdsa(P256,Sha2x32(…,256)).Signature, *[72]u8) []u8
sign	EcdsaP256Sha256.Signature	fromDer	fn	fn ([]const u8) error{InvalidEncoding}!Ecdsa(P256,Sha2x32(…,256)).Signature
sign	EcdsaP256Sha256	Signer	type	Ecdsa(P256,Sha2x32(…,256)).Signer
sign	EcdsaP256Sha256.Signer	update	fn	fn (*Ecdsa(P256,Sha2x32(…,256)).Signer, []const u8) void
sign	EcdsaP256Sha256.Signer	finalize	fn	fn (*Ecdsa(P256,Sha2x32(…,256)).Signer) error{IdentityElement,NonCanonical}!Ecdsa(P256,Sha2x32(…,256)).Signature
sign	EcdsaP256Sha256	Verifier	type	Ecdsa(P256,Sha2x32(…,256)).Verifier
sign	EcdsaP256Sha256.Verifier	InitError	type	error{IdentityElement,NonCanonical}
sign	EcdsaP256Sha256.Verifier	update	fn	fn (*Ecdsa(P256,Sha2x32(…,256)).Verifier, []const u8) void
sign	EcdsaP256Sha256.Verifier	VerifyError	type	error{IdentityElement,NonCanonical,SignatureVerificationFailed}
sign	EcdsaP256Sha256.Verifier	verify	fn	fn (*Ecdsa(P256,Sha2x32(…,256)).Verifier) error{IdentityElement,NonCanonical,SignatureVerificationFailed}!void
sign	EcdsaP256Sha256	KeyPair	type	Ecdsa(P256,Sha2x32(…,256)).KeyPair
sign	EcdsaP256Sha256.KeyPair	seed_length	const_int	32
sign	EcdsaP256Sha256.KeyPair	generateDeterministic	fn	fn ([32]u8) error{IdentityElement}!Ecdsa(P256,Sha2x32(…,256)).KeyPair
sign	EcdsaP256Sha256.KeyPair	generate	fn	fn (Io) Ecdsa(P256,Sha2x32(…,256)).KeyPair
sign	EcdsaP256Sha256.KeyPair	fromSecretKey	fn	fn (Ecdsa(P256,Sha2x32(…,256)).SecretKey) error{IdentityElement}!Ecdsa(P256,Sha2x32(…,256)).KeyPair
sign	EcdsaP256Sha256.KeyPair	sign	fn	fn (Ecdsa(P256,Sha2x32(…,256)).KeyPair, []const u8, ?[32]u8) error{IdentityElement,NonCanonical}!Ecdsa(P256,Sha2x32(…,256)).Signature
sign	EcdsaP256Sha256.KeyPair	signPrehashed	fn	fn (Ecdsa(P256,Sha2x32(…,256)).KeyPair, [32]u8, ?[32]u8) error{IdentityElement,NonCanonical}!Ecdsa(P256,Sha2x32(…,256)).Signature
sign	EcdsaP256Sha256.KeyPair	signer	fn	"fn (Ecdsa(P256,Sha2x32(…,256)).KeyPair, ?[32]u8) @typeInfo(@typeInfo(@TypeOf(Ecdsa(P256,Sha2x32(…,256)).KeyPair.signer)).@""fn"".return_type.?).error_union.error_set!Ecdsa(P256,Sha2x32(…,256)).Signer"
sign	MLDSA65	params	const_other	Params
sign	MLDSA65	name	const_other	[]const u8
sign	MLDSA65	gamma1	const_int	524288
sign	MLDSA65	beta	const_int	196
sign	MLDSA65	alpha	const_int	523776
sign	MLDSA65	seed_length	const_int	32
sign	MLDSA65	noise_length	const_int	32
sign	MLDSA65	public_key_bytes	const_int	1952
sign	MLDSA65	private_key_bytes	const_int	4032
sign	MLDSA65	signature_bytes	const_int	3309
sign	MLDSA65	PublicKey	type	MLDSAImpl(.{ .name = &.{ ... }[0..(...)], .k = 6, .l = 5, .eta = 4, .omega = 55, .tau = 49, .gamma1_bits = 19, .gamma2 = 261888, .tr_size = 64, .ctilde_size = 48 }).PublicKey
sign	MLDSA65.PublicKey	encoded_length	const_int	1952
sign	MLDSA65.PublicKey	toBytes	fn	fn (MLDSAImpl(.{ .name = &.{ ... }[0..(...)], .k = 6, .l = 5, .eta = 4, .omega = 55, .tau = 49, .gamma1_bits = 19, .gamma2 = 261888, .tr_size = 64, .ctilde_size = 48 }).PublicKey) [1952]u8
sign	MLDSA65.PublicKey	fromBytes	fn	"fn ([1952]u8) @typeInfo(@typeInfo(@TypeOf(MLDSAImpl(.{ .name = &.{ ... }[0..(...)], .k = 6, .l = 5, .eta = 4, .omega = 55, .tau = 49, .gamma1_bits = 19, .gamma2 = 261888, .tr_size = 64, .ctilde_size = 48 }).PublicKey.fromBytes)).@""fn"".return_type.?).error_union.error_set!MLDSAImpl(.{ .name = &.{ ... }[0..(...)], .k = 6, .l = 5, .eta = 4, .omega = 55, .tau = 49, .gamma1_bits = 19, .gamma2 = 261888, .tr_size = 64, .ctilde_size = 48 }).PublicKey"
sign	MLDSA65	SecretKey	type	MLDSAImpl(.{ .name = &.{ ... }[0..(...)], .k = 6, .l = 5, .eta = 4, .omega = 55, .tau = 49, .gamma1_bits = 19, .gamma2 = 261888, .tr_size = 64, .ctilde_size = 48 }).SecretKey
sign	MLDSA65.SecretKey	encoded_length	const_int	4032
sign	MLDSA65.SecretKey	toBytes	fn	fn (MLDSAImpl(.{ .name = &.{ ... }[0..(...)], .k = 6, .l = 5, .eta = 4, .omega = 55, .tau = 49, .gamma1_bits = 19, .gamma2 = 261888, .tr_size = 64, .ctilde_size = 48 }).SecretKey) [4032]u8
sign	MLDSA65.SecretKey	fromBytes	fn	"fn ([4032]u8) @typeInfo(@typeInfo(@TypeOf(MLDSAImpl(.{ .name = &.{ ... }[0..(...)], .k = 6, .l = 5, .eta = 4, .omega = 55, .tau = 49, .gamma1_bits = 19, .gamma2 = 261888, .tr_size = 64, .ctilde_size = 48 }).SecretKey.fromBytes)).@""fn"".return_type.?).error_union.error_set!MLDSAImpl(.{ .name = &.{ ... }[0..(...)], .k = 6, .l = 5, .eta = 4, .omega = 55, .tau = 49, .gamma1_bits = 19, .gamma2 = 261888, .tr_size = 64, .ctilde_size = 48 }).SecretKey"
sign	MLDSA65.SecretKey	public	fn	fn (*const MLDSAImpl(.{ .name = &.{ ... }[0..(...)], .k = 6, .l = 5, .eta = 4, .omega = 55, .tau = 49, .gamma1_bits = 19, .gamma2 = 261888, .tr_size = 64, .ctilde_size = 48 }).SecretKey) MLDSAImpl(.{ .name = &.{ ... }[0..(...)], .k = 6, .l = 5, .eta = 4, .omega = 55, .tau = 49, .gamma1_bits = 19, .gamma2 = 261888, .tr_size = 64, .ctilde_size = 48 }).PublicKey
sign	MLDSA65.SecretKey	signer	fn	"fn (*const MLDSAImpl(.{ .name = &.{ ... }[0..(...)], .k = 6, .l = 5, .eta = 4, .omega = 55, .tau = 49, .gamma1_bits = 19, .gamma2 = 261888, .tr_size = 64, .ctilde_size = 48 }).SecretKey, ?[32]u8) @typeInfo(@typeInfo(@TypeOf(MLDSAImpl(.{ .name = &.{ ... }[0..(...)], .k = 6, .l = 5, .eta = 4, .omega = 55, .tau = 49, .gamma1_bits = 19, .gamma2 = 261888, .tr_size = 64, .ctilde_size = 48 }).SecretKey.signer)).@""fn"".return_type.?).error_union.error_set!MLDSAImpl(.{ .name = &.{ ... }[0..(...)], .k = 6, .l = 5, .eta = 4, .omega = 55, .tau = 49, .gamma1_bits = 19, .gamma2 = 261888, .tr_size = 64, .ctilde_size = 48 }).Signer"
sign	MLDSA65.SecretKey	signerWithContext	fn	fn (*const MLDSAImpl(.{ .name = &.{ ... }[0..(...)], .k = 6, .l = 5, .eta = 4, .omega = 55, .tau = 49, .gamma1_bits = 19, .gamma2 = 261888, .tr_size = 64, .ctilde_size = 48 }).SecretKey, ?[32]u8, []const u8) error{ContextTooLong}!MLDSAImpl(.{ .name = &.{ ... }[0..(...)], .k = 6, .l = 5, .eta = 4, .omega = 55, .tau = 49, .gamma1_bits = 19, .gamma2 = 261888, .tr_size = 64, .ctilde_size = 48 }).Signer
sign	MLDSA65	newKeyFromSeed	fn	fn (*const [32]u8) MLDSAImpl(.{ .name = &.{ ... }[0..(...)], .k = 6, .l = 5, .eta = 4, .omega = 55, .tau = 49, .gamma1_bits = 19, .gamma2 = 261888, .tr_size = 64, .ctilde_size = 48 }).newKeyFromSeed__struct_40456
sign	MLDSA65	Signature	type	MLDSAImpl(.{ .name = &.{ ... }[0..(...)], .k = 6, .l = 5, .eta = 4, .omega = 55, .tau = 49, .gamma1_bits = 19, .gamma2 = 261888, .tr_size = 64, .ctilde_size = 48 }).Signature
sign	MLDSA65.Signature	encoded_length	const_int	3309
sign	MLDSA65.Signature	toBytes	fn	fn (MLDSAImpl(.{ .name = &.{ ... }[0..(...)], .k = 6, .l = 5, .eta = 4, .omega = 55, .tau = 49, .gamma1_bits = 19, .gamma2 = 261888, .tr_size = 64, .ctilde_size = 48 }).Signature) [3309]u8
sign	MLDSA65.Signature	fromBytes	fn	fn ([3309]u8) error{InvalidEncoding}!MLDSAImpl(.{ .name = &.{ ... }[0..(...)], .k = 6, .l = 5, .eta = 4, .omega = 55, .tau = 49, .gamma1_bits = 19, .gamma2 = 261888, .tr_size = 64, .ctilde_size = 48 }).Signature
sign	MLDSA65.Signature	VerifyError	type	error{InvalidEncoding,SignatureVerificationFailed}
sign	MLDSA65.Signature	verify	fn	fn (MLDSAImpl(.{ .name = &.{ ... }[0..(...)], .k = 6, .l = 5, .eta = 4, .omega = 55, .tau = 49, .gamma1_bits = 19, .gamma2 = 261888, .tr_size = 64, .ctilde_size = 48 }).Signature, []const u8, MLDSAImpl(.{ .name = &.{ ... }[0..(...)], .k = 6, .l = 5, .eta = 4, .omega = 55, .tau = 49, .gamma1_bits = 19, .gamma2 = 261888, .tr_size = 64, .ctilde_size = 48 }).PublicKey) error{InvalidEncoding,SignatureVerificationFailed}!void
sign	MLDSA65.Signature	verifyWithContext	fn	fn (MLDSAImpl(.{ .name = &.{ ... }[0..(...)], .k = 6, .l = 5, .eta = 4, .omega = 55, .tau = 49, .gamma1_bits = 19, .gamma2 = 261888, .tr_size = 64, .ctilde_size = 48 }).Signature, []const u8, MLDSAImpl(.{ .name = &.{ ... }[0..(...)], .k = 6, .l = 5, .eta = 4, .omega = 55, .tau = 49, .gamma1_bits = 19, .gamma2 = 261888, .tr_size = 64, .ctilde_size = 48 }).PublicKey, []const u8) error{InvalidEncoding,SignatureVerificationFailed}!void
sign	MLDSA65.Signature	verifier	fn	"fn (MLDSAImpl(.{ .name = &.{ ... }[0..(...)], .k = 6, .l = 5, .eta = 4, .omega = 55, .tau = 49, .gamma1_bits = 19, .gamma2 = 261888, .tr_size = 64, .ctilde_size = 48 }).Signature, MLDSAImpl(.{ .name = &.{ ... }[0..(...)], .k = 6, .l = 5, .eta = 4, .omega = 55, .tau = 49, .gamma1_bits = 19, .gamma2 = 261888, .tr_size = 64, .ctilde_size = 48 }).PublicKey) @typeInfo(@typeInfo(@TypeOf(MLDSAImpl(.{ .name = &.{ ... }[0..(...)], .k = 6, .l = 5, .eta = 4, .omega = 55, .tau = 49, .gamma1_bits = 19, .gamma2 = 261888, .tr_size = 64, .ctilde_size = 48 }).Signature.verifier)).@""fn"".return_type.?).error_union.error_set!MLDSAImpl(.{ .name = &.{ ... }[0..(...)], .k = 6, .l = 5, .eta = 4, .omega = 55, .tau = 49, .gamma1_bits = 19, .gamma2 = 261888, .tr_size = 64, .ctilde_size = 48 }).Verifier"
sign	MLDSA65.Signature	verifierWithContext	fn	fn (MLDSAImpl(.{ .name = &.{ ... }[0..(...)], .k = 6, .l = 5, .eta = 4, .omega = 55, .tau = 49, .gamma1_bits = 19, .gamma2 = 261888, .tr_size = 64, .ctilde_size = 48 }).Signature, MLDSAImpl(.{ .name = &.{ ... }[0..(...)], .k = 6, .l = 5, .eta = 4, .omega = 55, .tau = 49, .gamma1_bits = 19, .gamma2 = 261888, .tr_size = 64, .ctilde_size = 48 }).PublicKey, []const u8) error{ContextTooLong}!MLDSAImpl(.{ .name = &.{ ... }[0..(...)], .k = 6, .l = 5, .eta = 4, .omega = 55, .tau = 49, .gamma1_bits = 19, .gamma2 = 261888, .tr_size = 64, .ctilde_size = 48 }).Verifier
sign	MLDSA65	Signer	type	MLDSAImpl(.{ .name = &.{ ... }[0..(...)], .k = 6, .l = 5, .eta = 4, .omega = 55, .tau = 49, .gamma1_bits = 19, .gamma2 = 261888, .tr_size = 64, .ctilde_size = 48 }).Signer
sign	MLDSA65.Signer	init	fn	fn (*const MLDSAImpl(.{ .name = &.{ ... }[0..(...)], .k = 6, .l = 5, .eta = 4, .omega = 55, .tau = 49, .gamma1_bits = 19, .gamma2 = 261888, .tr_size = 64, .ctilde_size = 48 }).SecretKey, ?[32]u8, []const u8) error{ContextTooLong}!MLDSAImpl(.{ .name = &.{ ... }[0..(...)], .k = 6, .l = 5, .eta = 4, .omega = 55, .tau = 49, .gamma1_bits = 19, .gamma2 = 261888, .tr_size = 64, .ctilde_size = 48 }).Signer
sign	MLDSA65.Signer	update	fn	fn (*MLDSAImpl(.{ .name = &.{ ... }[0..(...)], .k = 6, .l = 5, .eta = 4, .omega = 55, .tau = 49, .gamma1_bits = 19, .gamma2 = 261888, .tr_size = 64, .ctilde_size = 48 }).Signer, []const u8) void
sign	MLDSA65.Signer	finalize	fn	fn (*MLDSAImpl(.{ .name = &.{ ... }[0..(...)], .k = 6, .l = 5, .eta = 4, .omega = 55, .tau = 49, .gamma1_bits = 19, .gamma2 = 261888, .tr_size = 64, .ctilde_size = 48 }).Signer) MLDSAImpl(.{ .name = &.{ ... }[0..(...)], .k = 6, .l = 5, .eta = 4, .omega = 55, .tau = 49, .gamma1_bits = 19, .gamma2 = 261888, .tr_size = 64, .ctilde_size = 48 }).Signature
sign	MLDSA65	Verifier	type	MLDSAImpl(.{ .name = &.{ ... }[0..(...)], .k = 6, .l = 5, .eta = 4, .omega = 55, .tau = 49, .gamma1_bits = 19, .gamma2 = 261888, .tr_size = 64, .ctilde_size = 48 }).Verifier
sign	MLDSA65.Verifier	InitError	type	error{InvalidEncoding}
sign	MLDSA65.Verifier	VerifyError	type	error{SignatureVerificationFailed}
sign	MLDSA65.Verifier	init	fn	fn (MLDSAImpl(.{ .name = &.{ ... }[0..(...)], .k = 6, .l = 5, .eta = 4, .omega = 55, .tau = 49, .gamma1_bits = 19, .gamma2 = 261888, .tr_size = 64, .ctilde_size = 48 }).Signature, MLDSAImpl(.{ .name = &.{ ... }[0..(...)], .k = 6, .l = 5, .eta = 4, .omega = 55, .tau = 49, .gamma1_bits = 19, .gamma2 = 261888, .tr_size = 64, .ctilde_size = 48 }).PublicKey, []const u8) error{ContextTooLong}!MLDSAImpl(.{ .name = &.{ ... }[0..(...)], .k = 6, .l = 5, .eta = 4, .omega = 55, .tau = 49, .gamma1_bits = 19, .gamma2 = 261888, .tr_size = 64, .ctilde_size = 48 }).Verifier
sign	MLDSA65.Verifier	update	fn	fn (*MLDSAImpl(.{ .name = &.{ ... }[0..(...)], .k = 6, .l = 5, .eta = 4, .omega = 55, .tau = 49, .gamma1_bits = 19, .gamma2 = 261888, .tr_size = 64, .ctilde_size = 48 }).Verifier, []const u8) void
sign	MLDSA65.Verifier	verify	fn	fn (*MLDSAImpl(.{ .name = &.{ ... }[0..(...)], .k = 6, .l = 5, .eta = 4, .omega = 55, .tau = 49, .gamma1_bits = 19, .gamma2 = 261888, .tr_size = 64, .ctilde_size = 48 }).Verifier) error{SignatureVerificationFailed}!void
sign	MLDSA65	KeyPair	type	MLDSAImpl(.{ .name = &.{ ... }[0..(...)], .k = 6, .l = 5, .eta = 4, .omega = 55, .tau = 49, .gamma1_bits = 19, .gamma2 = 261888, .tr_size = 64, .ctilde_size = 48 }).KeyPair
sign	MLDSA65.KeyPair	seed_length	const_int	32
sign	MLDSA65.KeyPair	generate	fn	fn (Io) MLDSAImpl(.{ .name = &.{ ... }[0..(...)], .k = 6, .l = 5, .eta = 4, .omega = 55, .tau = 49, .gamma1_bits = 19, .gamma2 = 261888, .tr_size = 64, .ctilde_size = 48 }).KeyPair
sign	MLDSA65.KeyPair	generateDeterministic	fn	"fn ([32]u8) @typeInfo(@typeInfo(@TypeOf(MLDSAImpl(.{ .name = &.{ ... }[0..(...)], .k = 6, .l = 5, .eta = 4, .omega = 55, .tau = 49, .gamma1_bits = 19, .gamma2 = 261888, .tr_size = 64, .ctilde_size = 48 }).KeyPair.generateDeterministic)).@""fn"".return_type.?).error_union.error_set!MLDSAImpl(.{ .name = &.{ ... }[0..(...)], .k = 6, .l = 5, .eta = 4, .omega = 55, .tau = 49, .gamma1_bits = 19, .gamma2 = 261888, .tr_size = 64, .ctilde_size = 48 }).KeyPair"
sign	MLDSA65.KeyPair	fromSecretKey	fn	"fn (MLDSAImpl(.{ .name = &.{ ... }[0..(...)], .k = 6, .l = 5, .eta = 4, .omega = 55, .tau = 49, .gamma1_bits = 19, .gamma2 = 261888, .tr_size = 64, .ctilde_size = 48 }).SecretKey) @typeInfo(@typeInfo(@TypeOf(MLDSAImpl(.{ .name = &.{ ... }[0..(...)], .k = 6, .l = 5, .eta = 4, .omega = 55, .tau = 49, .gamma1_bits = 19, .gamma2 = 261888, .tr_size = 64, .ctilde_size = 48 }).KeyPair.fromSecretKey)).@""fn"".return_type.?).error_union.error_set!MLDSAImpl(.{ .name = &.{ ... }[0..(...)], .k = 6, .l = 5, .eta = 4, .omega = 55, .tau = 49, .gamma1_bits = 19, .gamma2 = 261888, .tr_size = 64, .ctilde_size = 48 }).KeyPair"
sign	MLDSA65.KeyPair	signer	fn	"fn (*const MLDSAImpl(.{ .name = &.{ ... }[0..(...)], .k = 6, .l = 5, .eta = 4, .omega = 55, .tau = 49, .gamma1_bits = 19, .gamma2 = 261888, .tr_size = 64, .ctilde_size = 48 }).KeyPair, ?[32]u8) @typeInfo(@typeInfo(@TypeOf(MLDSAImpl(.{ .name = &.{ ... }[0..(...)], .k = 6, .l = 5, .eta = 4, .omega = 55, .tau = 49, .gamma1_bits = 19, .gamma2 = 261888, .tr_size = 64, .ctilde_size = 48 }).KeyPair.signer)).@""fn"".return_type.?).error_union.error_set!MLDSAImpl(.{ .name = &.{ ... }[0..(...)], .k = 6, .l = 5, .eta = 4, .omega = 55, .tau = 49, .gamma1_bits = 19, .gamma2 = 261888, .tr_size = 64, .ctilde_size = 48 }).Signer"
sign	MLDSA65.KeyPair	signerWithContext	fn	fn (*const MLDSAImpl(.{ .name = &.{ ... }[0..(...)], .k = 6, .l = 5, .eta = 4, .omega = 55, .tau = 49, .gamma1_bits = 19, .gamma2 = 261888, .tr_size = 64, .ctilde_size = 48 }).KeyPair, ?[32]u8, []const u8) error{ContextTooLong}!MLDSAImpl(.{ .name = &.{ ... }[0..(...)], .k = 6, .l = 5, .eta = 4, .omega = 55, .tau = 49, .gamma1_bits = 19, .gamma2 = 261888, .tr_size = 64, .ctilde_size = 48 }).Signer
sign	MLDSA65.KeyPair	sign	fn	"fn (MLDSAImpl(.{ .name = &.{ ... }[0..(...)], .k = 6, .l = 5, .eta = 4, .omega = 55, .tau = 49, .gamma1_bits = 19, .gamma2 = 261888, .tr_size = 64, .ctilde_size = 48 }).KeyPair, []const u8, ?[32]u8) @typeInfo(@typeInfo(@TypeOf(MLDSAImpl(.{ .name = &.{ ... }[0..(...)], .k = 6, .l = 5, .eta = 4, .omega = 55, .tau = 49, .gamma1_bits = 19, .gamma2 = 261888, .tr_size = 64, .ctilde_size = 48 }).KeyPair.sign)).@""fn"".return_type.?).error_union.error_set!MLDSAImpl(.{ .name = &.{ ... }[0..(...)], .k = 6, .l = 5, .eta = 4, .omega = 55, .tau = 49, .gamma1_bits = 19, .gamma2 = 261888, .tr_size = 64, .ctilde_size = 48 }).Signature"
sign	MLDSA65.KeyPair	signWithContext	fn	fn (MLDSAImpl(.{ .name = &.{ ... }[0..(...)], .k = 6, .l = 5, .eta = 4, .omega = 55, .tau = 49, .gamma1_bits = 19, .gamma2 = 261888, .tr_size = 64, .ctilde_size = 48 }).KeyPair, []const u8, ?[32]u8, []const u8) error{ContextTooLong}!MLDSAImpl(.{ .name = &.{ ... }[0..(...)], .k = 6, .l = 5, .eta = 4, .omega = 55, .tau = 49, .gamma1_bits = 19, .gamma2 = 261888, .tr_size = 64, .ctilde_size = 48 }).Signature
pwhash	argon2	Mode	type	Mode
pwhash	argon2	Params	type	Params
pwhash	argon2	kdf	fn	fn (mem.Allocator, []u8, []const u8, []const u8, Params, Mode, Io) error{AuthenticationFailed,Canceled,ContextTooLong,IdentityElement,InvalidEncoding,KeyMismatch,LockedMemoryLimitExceeded,NonCanonical,NotSquare,OutOfMemory,OutputTooLong,PasswordVerificationFailed,SignatureVerificationFailed,SystemResources,ThreadQuotaExceeded,Unexpected,UnexpectedSubgroup,WeakParameters,WeakPublicKey}!void
pwhash	argon2	HashOptions	type	HashOptions
pwhash	argon2	strHash	fn	fn ([]const u8, HashOptions, []u8, Io) error{AllocatorRequired,AuthenticationFailed,Canceled,ContextTooLong,IdentityElement,InvalidEncoding,KeyMismatch,LockedMemoryLimitExceeded,NoSpaceLeft,NonCanonical,NotSquare,OutOfMemory,OutputTooLong,PasswordVerificationFailed,SignatureVerificationFailed,SystemResources,ThreadQuotaExceeded,Unexpected,UnexpectedSubgroup,WeakParameters,WeakPublicKey}![]const u8
pwhash	argon2	VerifyOptions	type	VerifyOptions
pwhash	argon2	strVerify	fn	fn ([]const u8, []const u8, VerifyOptions, Io) error{AllocatorRequired,AuthenticationFailed,Canceled,ContextTooLong,IdentityElement,InvalidEncoding,KeyMismatch,LockedMemoryLimitExceeded,NoSpaceLeft,NonCanonical,NotSquare,OutOfMemory,OutputTooLong,PasswordVerificationFailed,SignatureVerificationFailed,SystemResources,ThreadQuotaExceeded,Unexpected,UnexpectedSubgroup,WeakParameters,WeakPublicKey}!void
pwhash	scrypt	default_salt_len	const_int	32
pwhash	scrypt	Params	type	Params
pwhash	scrypt	kdf	fn	fn (mem.Allocator, []u8, []const u8, []const u8, Params) error{AuthenticationFailed,Canceled,ContextTooLong,IdentityElement,InvalidEncoding,KeyMismatch,LockedMemoryLimitExceeded,NonCanonical,NotSquare,OutOfMemory,OutputTooLong,PasswordVerificationFailed,SignatureVerificationFailed,SystemResources,ThreadQuotaExceeded,Unexpected,UnexpectedSubgroup,WeakParameters,WeakPublicKey}!void
pwhash	scrypt	HashOptions	type	HashOptions
pwhash	scrypt	strHash	fn	fn ([]const u8, HashOptions, []u8, Io) error{AllocatorRequired,AuthenticationFailed,Canceled,ContextTooLong,IdentityElement,InvalidEncoding,KeyMismatch,LockedMemoryLimitExceeded,NoSpaceLeft,NonCanonical,NotSquare,OutOfMemory,OutputTooLong,PasswordVerificationFailed,SignatureVerificationFailed,SystemResources,ThreadQuotaExceeded,Unexpected,UnexpectedSubgroup,WeakParameters,WeakPublicKey}![]const u8
pwhash	scrypt	strHashWithSalt	fn	fn ([]const u8, HashOptions, []u8, *const [32]u8) error{AllocatorRequired,AuthenticationFailed,Canceled,ContextTooLong,IdentityElement,InvalidEncoding,KeyMismatch,LockedMemoryLimitExceeded,NoSpaceLeft,NonCanonical,NotSquare,OutOfMemory,OutputTooLong,PasswordVerificationFailed,SignatureVerificationFailed,SystemResources,ThreadQuotaExceeded,Unexpected,UnexpectedSubgroup,WeakParameters,WeakPublicKey}![]const u8
pwhash	scrypt	VerifyOptions	type	VerifyOptions
pwhash	scrypt	strVerify	fn	fn ([]const u8, []const u8, VerifyOptions) error{AllocatorRequired,AuthenticationFailed,Canceled,ContextTooLong,IdentityElement,InvalidEncoding,KeyMismatch,LockedMemoryLimitExceeded,NoSpaceLeft,NonCanonical,NotSquare,OutOfMemory,OutputTooLong,PasswordVerificationFailed,SignatureVerificationFailed,SystemResources,ThreadQuotaExceeded,Unexpected,UnexpectedSubgroup,WeakParameters,WeakPublicKey}!void
pwhash	bcrypt	salt_length	const_int	16
pwhash	bcrypt	hash_length	const_int	60
pwhash	bcrypt	State	type	State
pwhash	bcrypt	Params	type	Params
pwhash	bcrypt	bcrypt	fn	fn ([]const u8, *const [16]u8, Params) [23]u8
pwhash	bcrypt	pbkdf	fn	fn ([]const u8, []const u8, []u8, u32) error{inferred}!void
pwhash	bcrypt	opensshKdf	fn	fn ([]const u8, []const u8, []u8, u32) error{inferred}!void
pwhash	bcrypt	HashOptions	type	HashOptions
pwhash	bcrypt	strHash	fn	fn ([]const u8, HashOptions, []u8, Io) error{AllocatorRequired,AuthenticationFailed,Canceled,ContextTooLong,IdentityElement,InvalidEncoding,KeyMismatch,LockedMemoryLimitExceeded,NoSpaceLeft,NonCanonical,NotSquare,OutOfMemory,OutputTooLong,PasswordVerificationFailed,SignatureVerificationFailed,SystemResources,ThreadQuotaExceeded,Unexpected,UnexpectedSubgroup,WeakParameters,WeakPublicKey}![]const u8
pwhash	bcrypt	strHashWithSalt	fn	fn ([]const u8, HashOptions, []u8, [16]u8) error{AllocatorRequired,AuthenticationFailed,Canceled,ContextTooLong,IdentityElement,InvalidEncoding,KeyMismatch,LockedMemoryLimitExceeded,NoSpaceLeft,NonCanonical,NotSquare,OutOfMemory,OutputTooLong,PasswordVerificationFailed,SignatureVerificationFailed,SystemResources,ThreadQuotaExceeded,Unexpected,UnexpectedSubgroup,WeakParameters,WeakPublicKey}![]const u8
pwhash	bcrypt	VerifyOptions	type	VerifyOptions
pwhash	bcrypt	strVerify	fn	fn ([]const u8, []const u8, VerifyOptions) error{AllocatorRequired,AuthenticationFailed,Canceled,ContextTooLong,IdentityElement,InvalidEncoding,KeyMismatch,LockedMemoryLimitExceeded,NoSpaceLeft,NonCanonical,NotSquare,OutOfMemory,OutputTooLong,PasswordVerificationFailed,SignatureVerificationFailed,SystemResources,ThreadQuotaExceeded,Unexpected,UnexpectedSubgroup,WeakParameters,WeakPublicKey}!void
curve	Curve25519	Fe	type	Fe
curve	Curve25519	scalar	type	scalar
curve	Curve25519	fromBytes	fn	fn ([32]u8) Curve25519
curve	Curve25519	toBytes	fn	fn (Curve25519) [32]u8
curve	Curve25519	basePoint	const_other	Curve25519
curve	Curve25519	rejectNonCanonical	fn	fn ([32]u8) error{NonCanonical}!void
curve	Curve25519	rejectIdentity	fn	fn (Curve25519) error{IdentityElement}!void
curve	Curve25519	clearCofactor	fn	fn (Curve25519) error{WeakPublicKey}!Curve25519
curve	Curve25519	clampedMul	fn	fn (Curve25519, [32]u8) error{IdentityElement}!Curve25519
curve	Curve25519	mul	fn	fn (Curve25519, [32]u8) error{IdentityElement,WeakPublicKey}!Curve25519
curve	Curve25519	elligator2	fn	fn (Fe) Curve25519
curve	Curve25519	fromEdwards25519	fn	fn (Edwards25519) error{IdentityElement}!Curve25519
curve	Edwards25519	Fe	type	Fe
curve	Edwards25519	scalar	type	scalar
curve	Edwards25519	encoded_length	const_int	32
curve	Edwards25519	fromBytes	fn	fn ([32]u8) error{InvalidEncoding}!Edwards25519
curve	Edwards25519	toBytes	fn	fn (Edwards25519) [32]u8
curve	Edwards25519	rejectNonCanonical	fn	fn ([32]u8) error{NonCanonical}!void
curve	Edwards25519	basePoint	const_other	Edwards25519
curve	Edwards25519	identityElement	const_other	Edwards25519
curve	Edwards25519	rejectIdentity	fn	fn (Edwards25519) error{IdentityElement}!void
curve	Edwards25519	rejectUnexpectedSubgroup	fn	fn (Edwards25519) error{UnexpectedSubgroup,WeakPublicKey}!void
curve	Edwards25519	clearCofactor	fn	fn (Edwards25519) Edwards25519
curve	Edwards25519	rejectLowOrder	fn	fn (Edwards25519) error{WeakPublicKey}!void
curve	Edwards25519	neg	fn	fn (Edwards25519) Edwards25519
curve	Edwards25519	dbl	fn	fn (Edwards25519) Edwards25519
curve	Edwards25519	add	fn	fn (Edwards25519, Edwards25519) Edwards25519
curve	Edwards25519	sub	fn	fn (Edwards25519, Edwards25519) Edwards25519
curve	Edwards25519	mul	fn	fn (Edwards25519, [32]u8) error{IdentityElement,WeakPublicKey}!Edwards25519
curve	Edwards25519	mulPublic	fn	fn (Edwards25519, [32]u8) error{IdentityElement,WeakPublicKey}!Edwards25519
curve	Edwards25519	mulDoubleBasePublic	fn	fn (Edwards25519, [32]u8, Edwards25519, [32]u8) error{WeakPublicKey}!Edwards25519
curve	Edwards25519	mulMulti	fn	fn (comptime usize, anytype, anytype) error{IdentityElement,WeakPublicKey}!Edwards25519
curve	Edwards25519	clampedMul	fn	fn (Edwards25519, [32]u8) error{IdentityElement,WeakPublicKey}!Edwards25519
curve	Edwards25519	elligator2	fn	fn (Fe) Edwards25519.elligator2__struct_42349
curve	Edwards25519	fromHash	fn	fn ([64]u8) Edwards25519
curve	Edwards25519	fromString	fn	fn (comptime bool, []const u8, []const u8) Edwards25519
curve	Edwards25519	fromUniform	fn	fn ([32]u8) Edwards25519
curve	Ristretto255	Curve	type	Edwards25519
curve	Ristretto255	Fe	type	Fe
curve	Ristretto255	scalar	type	scalar
curve	Ristretto255	encoded_length	const_int	32
curve	Ristretto255	rejectIdentity	fn	fn (Ristretto255) error{IdentityElement}!void
curve	Ristretto255	basePoint	const_other	Ristretto255
curve	Ristretto255	fromBytes	fn	fn ([32]u8) error{InvalidEncoding,NonCanonical}!Ristretto255
curve	Ristretto255	toBytes	fn	fn (Ristretto255) [32]u8
curve	Ristretto255	fromUniform	fn	fn ([64]u8) Ristretto255
curve	Ristretto255	dbl	fn	fn (Ristretto255) Ristretto255
curve	Ristretto255	add	fn	fn (Ristretto255, Ristretto255) Ristretto255
curve	Ristretto255	sub	fn	fn (Ristretto255, Ristretto255) Ristretto255
curve	Ristretto255	mul	fn	fn (Ristretto255, [32]u8) error{IdentityElement,WeakPublicKey}!Ristretto255
curve	Ristretto255	equivalent	fn	fn (Ristretto255, Ristretto255) bool
curve	P256	Fe	type	Field(.{ .fiat = p256_64, .field_order = 115792089210356248762697446949407573530086143415290314195533631308867097853951, .field_bits = 256, .saturated_bits = 256, .encoded_length = 32 })
curve	P256	scalar	type	scalar
curve	P256	basePoint	const_other	P256
curve	P256	identityElement	const_other	P256
curve	P256	B	const_other	Field(.{ .fiat = p256_64, .field_order = 115792089210356248762697446949407573530086143415290314195533631308867097853951, .field_bits = 256, .saturated_bits = 256, .encoded_length = 32 })
curve	P256	rejectIdentity	fn	fn (P256) error{IdentityElement}!void
curve	P256	fromAffineCoordinates	fn	fn (AffineCoordinates) error{InvalidEncoding}!P256
curve	P256	fromSerializedAffineCoordinates	fn	fn ([32]u8, [32]u8, builtin.Endian) error{InvalidEncoding,NonCanonical}!P256
curve	P256	recoverY	fn	fn (Field(.{ .fiat = p256_64, .field_order = 115792089210356248762697446949407573530086143415290314195533631308867097853951, .field_bits = 256, .saturated_bits = 256, .encoded_length = 32 }), bool) error{NotSquare}!Field(.{ .fiat = p256_64, .field_order = 115792089210356248762697446949407573530086143415290314195533631308867097853951, .field_bits = 256, .saturated_bits = 256, .encoded_length = 32 })
curve	P256	fromSec1	fn	fn ([]const u8) error{InvalidEncoding,NonCanonical,NotSquare}!P256
curve	P256	toCompressedSec1	fn	fn (P256) [33]u8
curve	P256	toUncompressedSec1	fn	fn (P256) [65]u8
curve	P256	random	fn	fn (Io) P256
curve	P256	neg	fn	fn (P256) P256
curve	P256	dbl	fn	fn (P256) P256
curve	P256	addMixed	fn	fn (P256, AffineCoordinates) P256
curve	P256	add	fn	fn (P256, P256) P256
curve	P256	sub	fn	fn (P256, P256) P256
curve	P256	subMixed	fn	fn (P256, AffineCoordinates) P256
curve	P256	affineCoordinates	fn	fn (P256) AffineCoordinates
curve	P256	equivalent	fn	fn (P256, P256) bool
curve	P256	mul	fn	fn (P256, [32]u8, builtin.Endian) error{IdentityElement}!P256
curve	P256	mulPublic	fn	fn (P256, [32]u8, builtin.Endian) error{IdentityElement}!P256
curve	P256	mulDoubleBasePublic	fn	fn (P256, [32]u8, P256, [32]u8, builtin.Endian) error{IdentityElement}!P256
curve	Secp256k1	Fe	type	Field(.{ .fiat = secp256k1_64, .field_order = 115792089237316195423570985008687907853269984665640564039457584007908834671663, .field_bits = 256, .saturated_bits = 256, .encoded_length = 32 })
curve	Secp256k1	scalar	type	scalar
curve	Secp256k1	basePoint	const_other	Secp256k1
curve	Secp256k1	identityElement	const_other	Secp256k1
curve	Secp256k1	B	const_other	Field(.{ .fiat = secp256k1_64, .field_order = 115792089237316195423570985008687907853269984665640564039457584007908834671663, .field_bits = 256, .saturated_bits = 256, .encoded_length = 32 })
curve	Secp256k1	Endormorphism	type	Secp256k1.Endormorphism
curve	Secp256k1	rejectIdentity	fn	fn (Secp256k1) error{IdentityElement}!void
curve	Secp256k1	fromAffineCoordinates	fn	fn (AffineCoordinates) error{InvalidEncoding}!Secp256k1
curve	Secp256k1	fromSerializedAffineCoordinates	fn	fn ([32]u8, [32]u8, builtin.Endian) error{InvalidEncoding,NonCanonical}!Secp256k1
curve	Secp256k1	recoverY	fn	fn (Field(.{ .fiat = secp256k1_64, .field_order = 115792089237316195423570985008687907853269984665640564039457584007908834671663, .field_bits = 256, .saturated_bits = 256, .encoded_length = 32 }), bool) error{NotSquare}!Field(.{ .fiat = secp256k1_64, .field_order = 115792089237316195423570985008687907853269984665640564039457584007908834671663, .field_bits = 256, .saturated_bits = 256, .encoded_length = 32 })
curve	Secp256k1	fromSec1	fn	fn ([]const u8) error{InvalidEncoding,NonCanonical,NotSquare}!Secp256k1
curve	Secp256k1	toCompressedSec1	fn	fn (Secp256k1) [33]u8
curve	Secp256k1	toUncompressedSec1	fn	fn (Secp256k1) [65]u8
curve	Secp256k1	random	fn	fn (Io) Secp256k1
curve	Secp256k1	neg	fn	fn (Secp256k1) Secp256k1
curve	Secp256k1	dbl	fn	fn (Secp256k1) Secp256k1
curve	Secp256k1	addMixed	fn	fn (Secp256k1, AffineCoordinates) Secp256k1
curve	Secp256k1	add	fn	fn (Secp256k1, Secp256k1) Secp256k1
curve	Secp256k1	sub	fn	fn (Secp256k1, Secp256k1) Secp256k1
curve	Secp256k1	subMixed	fn	fn (Secp256k1, AffineCoordinates) Secp256k1
curve	Secp256k1	affineCoordinates	fn	fn (Secp256k1) AffineCoordinates
curve	Secp256k1	equivalent	fn	fn (Secp256k1, Secp256k1) bool
curve	Secp256k1	mul	fn	fn (Secp256k1, [32]u8, builtin.Endian) error{IdentityElement}!Secp256k1
curve	Secp256k1	mulPublic	fn	fn (Secp256k1, [32]u8, builtin.Endian) error{IdentityElement,NonCanonical}!Secp256k1
curve	Secp256k1	mulDoubleBasePublic	fn	fn (Secp256k1, [32]u8, Secp256k1, [32]u8, builtin.Endian) error{IdentityElement}!Secp256k1
