path	cluster
crypto	scheme
crypto.timing_safe	ops
crypto.aead	namespace
crypto.aead.aegis	namespace
crypto.aead.aegis.Aegis128X4	ops
crypto.aead.aegis.Aegis128X2	ops
crypto.aead.aegis.Aegis128L	ops
crypto.aead.aegis.Aegis256X4	ops
crypto.aead.aegis.Aegis256X2	ops
crypto.aead.aegis.Aegis256	ops
crypto.aead.aegis.Aegis128X4_256	ops
crypto.aead.aegis.Aegis128X2_256	ops
crypto.aead.aegis.Aegis128L_256	ops
crypto.aead.aegis.Aegis256X4_256	ops
crypto.aead.aegis.Aegis256X2_256	ops
crypto.aead.aegis.Aegis256_256	ops
crypto.aead.aes_gcm	namespace
crypto.aead.aes_gcm.Aes128Gcm	ops
crypto.aead.aes_gcm.Aes256Gcm	ops
crypto.aead.aes_gcm_siv	namespace
crypto.aead.aes_gcm_siv.Aes128GcmSiv	ops
crypto.aead.aes_gcm_siv.Aes256GcmSiv	ops
crypto.aead.aes_siv	namespace
crypto.aead.aes_siv.Aes128Siv	ops
crypto.aead.aes_siv.Aes256Siv	ops
crypto.aead.aes_ocb	namespace
crypto.aead.aes_ocb.Aes128Ocb	ops
crypto.aead.aes_ocb.Aes256Ocb	ops
crypto.aead.aes_ccm	namespace
crypto.aead.aes_ccm.Aes128Ccm0	ops
crypto.aead.aes_ccm.Aes128Ccm8	ops
crypto.aead.aes_ccm.Aes128Ccm16	ops
crypto.aead.aes_ccm.Aes256Ccm0	ops
crypto.aead.aes_ccm.Aes256Ccm8	ops
crypto.aead.aes_ccm.Aes256Ccm16	ops
crypto.aead.ascon	namespace
crypto.aead.ascon.AsconAead128	ops
crypto.aead.chacha_poly	namespace
crypto.aead.chacha_poly.ChaCha20Poly1305	ops
crypto.aead.chacha_poly.ChaCha12Poly1305	ops
crypto.aead.chacha_poly.ChaCha8Poly1305	ops
crypto.aead.chacha_poly.XChaCha20Poly1305	ops
crypto.aead.chacha_poly.XChaCha12Poly1305	ops
crypto.aead.chacha_poly.XChaCha8Poly1305	ops
crypto.aead.isap	namespace
crypto.aead.isap.IsapA128A	stateful
crypto.aead.salsa_poly	namespace
crypto.aead.salsa_poly.XSalsa20Poly1305	ops
crypto.auth	namespace
crypto.auth.hmac	scheme
crypto.auth.hmac.HmacMd5	stateful
crypto.auth.hmac.HmacSha1	stateful
crypto.auth.hmac.sha2	namespace
crypto.auth.hmac.sha2.HmacSha224	stateful
crypto.auth.hmac.sha2.HmacSha256	stateful
crypto.auth.hmac.sha2.HmacSha384	stateful
crypto.auth.hmac.sha2.HmacSha512	stateful
crypto.auth.siphash	ops
crypto.auth.aegis	namespace
crypto.auth.aegis.Aegis128X4Mac	stateful
crypto.auth.aegis.Aegis128X2Mac	stateful
crypto.auth.aegis.Aegis128LMac	stateful
crypto.auth.aegis.Aegis256X4Mac	stateful
crypto.auth.aegis.Aegis256X2Mac	stateful
crypto.auth.aegis.Aegis256Mac	stateful
crypto.auth.aegis.Aegis128X4Mac_128	stateful
crypto.auth.aegis.Aegis128X2Mac_128	stateful
crypto.auth.aegis.Aegis128LMac_128	stateful
crypto.auth.aegis.Aegis256X4Mac_128	stateful
crypto.auth.aegis.Aegis256X2Mac_128	stateful
crypto.auth.aegis.Aegis256Mac_128	stateful
crypto.auth.cmac	scheme
crypto.auth.cmac.CmacAes128	stateful
crypto.auth.cbc_mac	scheme
crypto.auth.cbc_mac.CbcMacAes128	stateful
crypto.core	scheme
crypto.core.aes	scheme
crypto.core.aes.Block	scheme
crypto.core.aes.Block.parallel	ops
crypto.core.aes.Aes128	scheme
crypto.core.aes.Aes128.block	scheme
crypto.core.aes.Aes128.block.parallel	ops
crypto.core.aes.Aes256	scheme
crypto.core.aes.Aes256.block	scheme
crypto.core.aes.Aes256.block.parallel	ops
crypto.core.keccak	ops
crypto.core.modes	ops
crypto.dh	namespace
crypto.dh.X25519	scheme
crypto.dh.X25519.Curve	scheme
crypto.dh.X25519.Curve.Fe	math
crypto.dh.X25519.Curve.scalar	scheme
crypto.dh.X25519.Curve.scalar.Scalar	stateful
crypto.dh.X25519.KeyPair	stateful
crypto.kem	namespace
crypto.kem.hybrid	scheme
crypto.kem.hybrid.MlKem768X25519	namespace
crypto.kem.hybrid.MlKem768X25519.PublicKey	stateful
crypto.kem.hybrid.MlKem768X25519.SecretKey	stateful
crypto.kem.hybrid.MlKem768X25519.KeyPair	stateful
crypto.kem.hybrid.MlKem768X25519.EncapsulatedSecret	config
crypto.kem.hybrid.MlKem768P256	namespace
crypto.kem.hybrid.MlKem768P256.PublicKey	stateful
crypto.kem.hybrid.MlKem768P256.SecretKey	stateful
crypto.kem.hybrid.MlKem768P256.KeyPair	stateful
crypto.kem.hybrid.MlKem768P256.EncapsulatedSecret	config
crypto.kem.hybrid.MlKem1024P384	namespace
crypto.kem.hybrid.MlKem1024P384.PublicKey	stateful
crypto.kem.hybrid.MlKem1024P384.SecretKey	stateful
crypto.kem.hybrid.MlKem1024P384.KeyPair	stateful
crypto.kem.hybrid.MlKem1024P384.EncapsulatedSecret	config
crypto.kem.hybrid.Params	config
crypto.kem.kyber_d00	namespace
crypto.kem.kyber_d00.Kyber512	scheme
crypto.kem.kyber_d00.Kyber512.EncapsulatedSecret	config
crypto.kem.kyber_d00.Kyber512.PublicKey	stateful
crypto.kem.kyber_d00.Kyber512.SecretKey	stateful
crypto.kem.kyber_d00.Kyber512.KeyPair	stateful
crypto.kem.kyber_d00.Kyber768	scheme
crypto.kem.kyber_d00.Kyber768.EncapsulatedSecret	config
crypto.kem.kyber_d00.Kyber768.PublicKey	stateful
crypto.kem.kyber_d00.Kyber768.SecretKey	stateful
crypto.kem.kyber_d00.Kyber768.KeyPair	stateful
crypto.kem.kyber_d00.Kyber1024	scheme
crypto.kem.kyber_d00.Kyber1024.EncapsulatedSecret	config
crypto.kem.kyber_d00.Kyber1024.PublicKey	stateful
crypto.kem.kyber_d00.Kyber1024.SecretKey	stateful
crypto.kem.kyber_d00.Kyber1024.KeyPair	stateful
crypto.kem.ml_kem	namespace
crypto.kem.ml_kem.MLKem512	scheme
crypto.kem.ml_kem.MLKem512.EncapsulatedSecret	config
crypto.kem.ml_kem.MLKem512.PublicKey	stateful
crypto.kem.ml_kem.MLKem512.SecretKey	stateful
crypto.kem.ml_kem.MLKem512.KeyPair	stateful
crypto.kem.ml_kem.MLKem768	scheme
crypto.kem.ml_kem.MLKem768.EncapsulatedSecret	config
crypto.kem.ml_kem.MLKem768.PublicKey	stateful
crypto.kem.ml_kem.MLKem768.SecretKey	stateful
crypto.kem.ml_kem.MLKem768.KeyPair	stateful
crypto.kem.ml_kem.MLKem1024	scheme
crypto.kem.ml_kem.MLKem1024.EncapsulatedSecret	config
crypto.kem.ml_kem.MLKem1024.PublicKey	stateful
crypto.kem.ml_kem.MLKem1024.SecretKey	stateful
crypto.kem.ml_kem.MLKem1024.KeyPair	stateful
crypto.ecc	namespace
crypto.ecc.Curve25519	scheme
crypto.ecc.Curve25519.Fe	math
crypto.ecc.Curve25519.scalar	scheme
crypto.ecc.Curve25519.scalar.Scalar	stateful
crypto.ecc.Edwards25519	math
crypto.ecc.Edwards25519.Fe	math
crypto.ecc.Edwards25519.scalar	scheme
crypto.ecc.Edwards25519.scalar.Scalar	stateful
crypto.ecc.P256	math
crypto.ecc.P256.Fe	math
crypto.ecc.P256.scalar	scheme
crypto.ecc.P256.scalar.Scalar	math
crypto.ecc.P384	math
crypto.ecc.P384.Fe	math
crypto.ecc.P384.scalar	scheme
crypto.ecc.P384.scalar.Scalar	math
crypto.ecc.Ristretto255	scheme
crypto.ecc.Ristretto255.Curve	math
crypto.ecc.Ristretto255.Curve.Fe	math
crypto.ecc.Ristretto255.Curve.scalar	scheme
crypto.ecc.Ristretto255.Curve.scalar.Scalar	stateful
crypto.ecc.Ristretto255.Fe	math
crypto.ecc.Ristretto255.scalar	scheme
crypto.ecc.Ristretto255.scalar.Scalar	stateful
crypto.ecc.Secp256k1	math
crypto.ecc.Secp256k1.Fe	math
crypto.ecc.Secp256k1.scalar	scheme
crypto.ecc.Secp256k1.scalar.Scalar	math
crypto.ecc.Secp256k1.Endormorphism	scheme
crypto.ecc.Secp256k1.Endormorphism.SplitScalar	config
crypto.hash	namespace
crypto.hash.ascon	namespace
crypto.hash.ascon.AsconHash256	scheme
crypto.hash.ascon.AsconHash256.Options	other
crypto.hash.ascon.AsconXof128	scheme
crypto.hash.ascon.AsconXof128.Options	other
crypto.hash.ascon.AsconCxof128	scheme
crypto.hash.ascon.AsconCxof128.Options	config
crypto.hash.blake2	scheme
crypto.hash.blake2.Blake2s128	scheme
crypto.hash.blake2.Blake2s128.Options	config
crypto.hash.blake2.Blake2s160	scheme
crypto.hash.blake2.Blake2s160.Options	config
crypto.hash.blake2.Blake2s224	scheme
crypto.hash.blake2.Blake2s224.Options	config
crypto.hash.blake2.Blake2s256	scheme
crypto.hash.blake2.Blake2s256.Options	config
crypto.hash.blake2.Blake2b128	scheme
crypto.hash.blake2.Blake2b128.Options	config
crypto.hash.blake2.Blake2b160	scheme
crypto.hash.blake2.Blake2b160.Options	config
crypto.hash.blake2.Blake2b256	scheme
crypto.hash.blake2.Blake2b256.Options	config
crypto.hash.blake2.Blake2b384	scheme
crypto.hash.blake2.Blake2b384.Options	config
crypto.hash.blake2.Blake2b512	scheme
crypto.hash.blake2.Blake2b512.Options	config
crypto.hash.Blake3	scheme
crypto.hash.Blake3.Options	config
crypto.hash.Blake3.KdfOptions	other
crypto.hash.Md5	scheme
crypto.hash.Md5.Options	other
crypto.hash.Sha1	scheme
crypto.hash.Sha1.Options	other
crypto.hash.sha2	namespace
crypto.hash.sha2.Sha224	scheme
crypto.hash.sha2.Sha224.Options	other
crypto.hash.sha2.Sha256	scheme
crypto.hash.sha2.Sha256.Options	other
crypto.hash.sha2.Sha384	scheme
crypto.hash.sha2.Sha384.Options	other
crypto.hash.sha2.Sha512	scheme
crypto.hash.sha2.Sha512.Options	other
crypto.hash.sha2.Sha256T192	scheme
crypto.hash.sha2.Sha256T192.Options	other
crypto.hash.sha2.Sha512T224	scheme
crypto.hash.sha2.Sha512T224.Options	other
crypto.hash.sha2.Sha512T256	scheme
crypto.hash.sha2.Sha512T256.Options	other
crypto.hash.sha2.Sha512_224	scheme
crypto.hash.sha2.Sha512_224.Options	other
crypto.hash.sha2.Sha512_256	scheme
crypto.hash.sha2.Sha512_256.Options	other
crypto.hash.sha3	scheme
crypto.hash.sha3.Sha3_224	scheme
crypto.hash.sha3.Sha3_224.Options	config
crypto.hash.sha3.Sha3_256	scheme
crypto.hash.sha3.Sha3_256.Options	config
crypto.hash.sha3.Sha3_384	scheme
crypto.hash.sha3.Sha3_384.Options	config
crypto.hash.sha3.Sha3_512	scheme
crypto.hash.sha3.Sha3_512.Options	config
crypto.hash.sha3.Keccak256	scheme
crypto.hash.sha3.Keccak256.Options	config
crypto.hash.sha3.Keccak512	scheme
crypto.hash.sha3.Keccak512.Options	config
crypto.hash.sha3.Shake128	scheme
crypto.hash.sha3.Shake128.Options	config
crypto.hash.sha3.Shake256	scheme
crypto.hash.sha3.Shake256.Options	config
crypto.hash.sha3.CShake128	scheme
crypto.hash.sha3.CShake128.Options	config
crypto.hash.sha3.CShake256	scheme
crypto.hash.sha3.CShake256.Options	config
crypto.hash.sha3.KMac128	scheme
crypto.hash.sha3.KMac128.Options	config
crypto.hash.sha3.KMac256	scheme
crypto.hash.sha3.KMac256.Options	config
crypto.hash.sha3.TupleHash128	scheme
crypto.hash.sha3.TupleHash128.Options	config
crypto.hash.sha3.TupleHash256	scheme
crypto.hash.sha3.TupleHash256.Options	config
crypto.hash.sha3.KT128	scheme
crypto.hash.sha3.KT128.Options	config
crypto.hash.sha3.KT256	scheme
crypto.hash.sha3.KT256.Options	config
crypto.hash.sha3.NistLengthEncoding	scheme
crypto.hash.sha3.NistLengthEncoding.Length	stateful
crypto.hash.composition	scheme
crypto.hash.composition.Sha256oSha256	scheme
crypto.hash.composition.Sha256oSha256.Options	config
crypto.hash.composition.Sha384oSha384	scheme
crypto.hash.composition.Sha384oSha384.Options	config
crypto.hash.composition.Sha512oSha512	scheme
crypto.hash.composition.Sha512oSha512.Options	config
crypto.kdf	namespace
crypto.kdf.hkdf	scheme
crypto.kdf.hkdf.HkdfSha256	ops
crypto.kdf.hkdf.HkdfSha512	ops
crypto.onetimeauth	namespace
crypto.onetimeauth.Ghash	stateful
crypto.onetimeauth.Polyval	stateful
crypto.onetimeauth.Poly1305	stateful
crypto.pwhash	scheme
crypto.pwhash.Encoding	config
crypto.pwhash.argon2	scheme
crypto.pwhash.argon2.Mode	config
crypto.pwhash.argon2.Params	stateful
crypto.pwhash.argon2.HashOptions	config
crypto.pwhash.argon2.VerifyOptions	config
crypto.pwhash.bcrypt	scheme
crypto.pwhash.bcrypt.State	config
crypto.pwhash.bcrypt.Params	config
crypto.pwhash.bcrypt.HashOptions	config
crypto.pwhash.bcrypt.VerifyOptions	config
crypto.pwhash.scrypt	scheme
crypto.pwhash.scrypt.Params	stateful
crypto.pwhash.scrypt.HashOptions	config
crypto.pwhash.scrypt.VerifyOptions	config
crypto.pwhash.phc_format	scheme
crypto.sign	namespace
crypto.sign.Ed25519	scheme
crypto.sign.Ed25519.Curve	math
crypto.sign.Ed25519.Curve.Fe	math
crypto.sign.Ed25519.Curve.scalar	scheme
crypto.sign.Ed25519.Curve.scalar.Scalar	stateful
crypto.sign.Ed25519.SecretKey	stateful
crypto.sign.Ed25519.Signer	stateful
crypto.sign.Ed25519.PublicKey	stateful
crypto.sign.Ed25519.Verifier	scheme
crypto.sign.Ed25519.Signature	scheme
crypto.sign.Ed25519.KeyPair	stateful
crypto.sign.Ed25519.BatchElement	config
crypto.sign.Ed25519.key_blinding	scheme
crypto.sign.Ed25519.key_blinding.BlindSecretKey	config
crypto.sign.Ed25519.key_blinding.BlindPublicKey	stateful
crypto.sign.Ed25519.key_blinding.BlindKeyPair	stateful
crypto.sign.ecdsa	scheme
crypto.sign.ecdsa.EcdsaP256Sha256	scheme
crypto.sign.ecdsa.EcdsaP256Sha256.SecretKey	stateful
crypto.sign.ecdsa.EcdsaP256Sha256.PublicKey	stateful
crypto.sign.ecdsa.EcdsaP256Sha256.Signature	scheme
crypto.sign.ecdsa.EcdsaP256Sha256.Signer	stateful
crypto.sign.ecdsa.EcdsaP256Sha256.Verifier	scheme
crypto.sign.ecdsa.EcdsaP256Sha256.KeyPair	stateful
crypto.sign.ecdsa.EcdsaP256Sha3_256	scheme
crypto.sign.ecdsa.EcdsaP256Sha3_256.SecretKey	stateful
crypto.sign.ecdsa.EcdsaP256Sha3_256.PublicKey	stateful
crypto.sign.ecdsa.EcdsaP256Sha3_256.Signature	scheme
crypto.sign.ecdsa.EcdsaP256Sha3_256.Signer	stateful
crypto.sign.ecdsa.EcdsaP256Sha3_256.Verifier	scheme
crypto.sign.ecdsa.EcdsaP256Sha3_256.KeyPair	stateful
crypto.sign.ecdsa.EcdsaP384Sha384	scheme
crypto.sign.ecdsa.EcdsaP384Sha384.SecretKey	stateful
crypto.sign.ecdsa.EcdsaP384Sha384.PublicKey	stateful
crypto.sign.ecdsa.EcdsaP384Sha384.Signature	scheme
crypto.sign.ecdsa.EcdsaP384Sha384.Signer	stateful
crypto.sign.ecdsa.EcdsaP384Sha384.Verifier	scheme
crypto.sign.ecdsa.EcdsaP384Sha384.KeyPair	stateful
crypto.sign.ecdsa.EcdsaP384Sha3_384	scheme
crypto.sign.ecdsa.EcdsaP384Sha3_384.SecretKey	stateful
crypto.sign.ecdsa.EcdsaP384Sha3_384.PublicKey	stateful
crypto.sign.ecdsa.EcdsaP384Sha3_384.Signature	scheme
crypto.sign.ecdsa.EcdsaP384Sha3_384.Signer	stateful
crypto.sign.ecdsa.EcdsaP384Sha3_384.Verifier	scheme
crypto.sign.ecdsa.EcdsaP384Sha3_384.KeyPair	stateful
crypto.sign.ecdsa.EcdsaSecp256k1Sha256	scheme
crypto.sign.ecdsa.EcdsaSecp256k1Sha256.SecretKey	stateful
crypto.sign.ecdsa.EcdsaSecp256k1Sha256.PublicKey	stateful
crypto.sign.ecdsa.EcdsaSecp256k1Sha256.Signature	scheme
crypto.sign.ecdsa.EcdsaSecp256k1Sha256.Signer	stateful
crypto.sign.ecdsa.EcdsaSecp256k1Sha256.Verifier	scheme
crypto.sign.ecdsa.EcdsaSecp256k1Sha256.KeyPair	stateful
crypto.sign.ecdsa.EcdsaSecp256k1Sha256oSha256	scheme
crypto.sign.ecdsa.EcdsaSecp256k1Sha256oSha256.SecretKey	stateful
crypto.sign.ecdsa.EcdsaSecp256k1Sha256oSha256.PublicKey	stateful
crypto.sign.ecdsa.EcdsaSecp256k1Sha256oSha256.Signature	scheme
crypto.sign.ecdsa.EcdsaSecp256k1Sha256oSha256.Signer	stateful
crypto.sign.ecdsa.EcdsaSecp256k1Sha256oSha256.Verifier	scheme
crypto.sign.ecdsa.EcdsaSecp256k1Sha256oSha256.KeyPair	stateful
crypto.sign.mldsa	namespace
crypto.sign.mldsa.MLDSA44	scheme
crypto.sign.mldsa.MLDSA44.PublicKey	stateful
crypto.sign.mldsa.MLDSA44.SecretKey	stateful
crypto.sign.mldsa.MLDSA44.Signature	scheme
crypto.sign.mldsa.MLDSA44.Signer	stateful
crypto.sign.mldsa.MLDSA44.Verifier	scheme
crypto.sign.mldsa.MLDSA44.KeyPair	stateful
crypto.sign.mldsa.MLDSA65	scheme
crypto.sign.mldsa.MLDSA65.PublicKey	stateful
crypto.sign.mldsa.MLDSA65.SecretKey	stateful
crypto.sign.mldsa.MLDSA65.Signature	scheme
crypto.sign.mldsa.MLDSA65.Signer	stateful
crypto.sign.mldsa.MLDSA65.Verifier	scheme
crypto.sign.mldsa.MLDSA65.KeyPair	stateful
crypto.sign.mldsa.MLDSA87	scheme
crypto.sign.mldsa.MLDSA87.PublicKey	stateful
crypto.sign.mldsa.MLDSA87.SecretKey	stateful
crypto.sign.mldsa.MLDSA87.Signature	scheme
crypto.sign.mldsa.MLDSA87.Signer	stateful
crypto.sign.mldsa.MLDSA87.Verifier	scheme
crypto.sign.mldsa.MLDSA87.KeyPair	stateful
crypto.stream	namespace
crypto.stream.chacha	namespace
crypto.stream.chacha.ChaCha20IETF	ops
crypto.stream.chacha.ChaCha12IETF	ops
crypto.stream.chacha.ChaCha8IETF	ops
crypto.stream.chacha.ChaCha20With64BitNonce	ops
crypto.stream.chacha.ChaCha12With64BitNonce	ops
crypto.stream.chacha.ChaCha8With64BitNonce	ops
crypto.stream.chacha.XChaCha20IETF	ops
crypto.stream.chacha.XChaCha12IETF	ops
crypto.stream.chacha.XChaCha8IETF	ops
crypto.stream.salsa	scheme
crypto.stream.salsa.Salsa20	ops
crypto.stream.salsa.XSalsa20	ops
crypto.nacl	namespace
crypto.nacl.Box	scheme
crypto.nacl.Box.KeyPair	stateful
crypto.nacl.SecretBox	ops
crypto.nacl.SealedBox	scheme
crypto.nacl.SealedBox.KeyPair	stateful
crypto.ff	scheme
crypto.errors	namespace
crypto.SideChannelsMitigations	config
