path	depth	kind	n_decls	n_fields	n_types	n_fns	n_consts
crypto	0	struct	22	0	20	1	1
crypto.timing_safe	1	struct	6	0	0	6	0
crypto.aead	1	struct	10	0	10	0	0
crypto.aead.aegis	2	struct	12	0	12	0	0
crypto.aead.aegis.Aegis128X4	3	struct	6	0	0	2	4
crypto.aead.aegis.Aegis128X2	3	struct	6	0	0	2	4
crypto.aead.aegis.Aegis128L	3	struct	6	0	0	2	4
crypto.aead.aegis.Aegis256X4	3	struct	6	0	0	2	4
crypto.aead.aegis.Aegis256X2	3	struct	6	0	0	2	4
crypto.aead.aegis.Aegis256	3	struct	6	0	0	2	4
crypto.aead.aegis.Aegis128X4_256	3	struct	6	0	0	2	4
crypto.aead.aegis.Aegis128X2_256	3	struct	6	0	0	2	4
crypto.aead.aegis.Aegis128L_256	3	struct	6	0	0	2	4
crypto.aead.aegis.Aegis256X4_256	3	struct	6	0	0	2	4
crypto.aead.aegis.Aegis256X2_256	3	struct	6	0	0	2	4
crypto.aead.aegis.Aegis256_256	3	struct	6	0	0	2	4
crypto.aead.aes_gcm	2	struct	2	0	2	0	0
crypto.aead.aes_gcm.Aes128Gcm	3	struct	5	0	0	2	3
crypto.aead.aes_gcm.Aes256Gcm	3	struct	5	0	0	2	3
crypto.aead.aes_gcm_siv	2	struct	2	0	2	0	0
crypto.aead.aes_gcm_siv.Aes128GcmSiv	3	struct	5	0	0	2	3
crypto.aead.aes_gcm_siv.Aes256GcmSiv	3	struct	5	0	0	2	3
crypto.aead.aes_siv	2	struct	2	0	2	0	0
crypto.aead.aes_siv.Aes128Siv	3	struct	6	0	0	4	2
crypto.aead.aes_siv.Aes256Siv	3	struct	6	0	0	4	2
crypto.aead.aes_ocb	2	struct	2	0	2	0	0
crypto.aead.aes_ocb.Aes128Ocb	3	struct	5	0	0	2	3
crypto.aead.aes_ocb.Aes256Ocb	3	struct	5	0	0	2	3
crypto.aead.aes_ccm	2	struct	6	0	6	0	0
crypto.aead.aes_ccm.Aes128Ccm0	3	struct	5	0	0	2	3
crypto.aead.aes_ccm.Aes128Ccm8	3	struct	5	0	0	2	3
crypto.aead.aes_ccm.Aes128Ccm16	3	struct	5	0	0	2	3
crypto.aead.aes_ccm.Aes256Ccm0	3	struct	5	0	0	2	3
crypto.aead.aes_ccm.Aes256Ccm8	3	struct	5	0	0	2	3
crypto.aead.aes_ccm.Aes256Ccm16	3	struct	5	0	0	2	3
crypto.aead.ascon	2	struct	1	0	1	0	0
crypto.aead.ascon.AsconAead128	3	struct	6	0	0	2	4
crypto.aead.chacha_poly	2	struct	6	0	6	0	0
crypto.aead.chacha_poly.ChaCha20Poly1305	3	struct	5	0	0	2	3
crypto.aead.chacha_poly.ChaCha12Poly1305	3	struct	5	0	0	2	3
crypto.aead.chacha_poly.ChaCha8Poly1305	3	struct	5	0	0	2	3
crypto.aead.chacha_poly.XChaCha20Poly1305	3	struct	5	0	0	2	3
crypto.aead.chacha_poly.XChaCha12Poly1305	3	struct	5	0	0	2	3
crypto.aead.chacha_poly.XChaCha8Poly1305	3	struct	5	0	0	2	3
crypto.aead.isap	2	struct	1	0	1	0	0
crypto.aead.isap.IsapA128A	3	struct	5	1	0	2	3
crypto.aead.salsa_poly	2	struct	1	0	1	0	0
crypto.aead.salsa_poly.XSalsa20Poly1305	3	struct	5	0	0	2	3
crypto.auth	1	struct	5	0	5	0	0
crypto.auth.hmac	2	struct	4	0	3	1	0
crypto.auth.hmac.HmacMd5	3	struct	7	2	0	4	3
crypto.auth.hmac.HmacSha1	3	struct	7	2	0	4	3
crypto.auth.hmac.sha2	3	struct	4	0	4	0	0
crypto.auth.hmac.sha2.HmacSha224	4	struct	7	2	0	4	3
crypto.auth.hmac.sha2.HmacSha256	4	struct	7	2	0	4	3
crypto.auth.hmac.sha2.HmacSha384	4	struct	7	2	0	4	3
crypto.auth.hmac.sha2.HmacSha512	4	struct	7	2	0	4	3
crypto.auth.siphash	2	struct	2	0	0	2	0
crypto.auth.aegis	2	struct	12	0	12	0	0
crypto.auth.aegis.Aegis128X4Mac	3	struct	10	4	0	6	4
crypto.auth.aegis.Aegis128X2Mac	3	struct	10	4	0	6	4
crypto.auth.aegis.Aegis128LMac	3	struct	10	4	0	6	4
crypto.auth.aegis.Aegis256X4Mac	3	struct	10	4	0	6	4
crypto.auth.aegis.Aegis256X2Mac	3	struct	10	4	0	6	4
crypto.auth.aegis.Aegis256Mac	3	struct	10	4	0	6	4
crypto.auth.aegis.Aegis128X4Mac_128	3	struct	10	4	0	6	4
crypto.auth.aegis.Aegis128X2Mac_128	3	struct	10	4	0	6	4
crypto.auth.aegis.Aegis128LMac_128	3	struct	10	4	0	6	4
crypto.auth.aegis.Aegis256X4Mac_128	3	struct	10	4	0	6	4
crypto.auth.aegis.Aegis256X2Mac_128	3	struct	10	4	0	6	4
crypto.auth.aegis.Aegis256Mac_128	3	struct	10	4	0	6	4
crypto.auth.cmac	2	struct	2	0	1	1	0
crypto.auth.cmac.CmacAes128	3	struct	7	5	0	4	3
crypto.auth.cbc_mac	2	struct	2	0	1	1	0
crypto.auth.cbc_mac.CbcMacAes128	3	struct	7	3	0	4	3
crypto.core	1	struct	4	0	3	1	0
crypto.core.aes	2	struct	7	0	3	3	1
crypto.core.aes.Block	3	struct	13	1	1	11	1
crypto.core.aes.Block.parallel	4	struct	7	0	0	6	1
crypto.core.aes.Aes128	3	struct	5	0	1	2	2
crypto.core.aes.Aes128.block	4	struct	13	1	1	11	1
crypto.core.aes.Aes128.block.parallel	5	struct	7	0	0	6	1
crypto.core.aes.Aes256	3	struct	5	0	1	2	2
crypto.core.aes.Aes256.block	4	struct	13	1	1	11	1
crypto.core.aes.Aes256.block.parallel	5	struct	7	0	0	6	1
crypto.core.keccak	2	struct	2	0	0	2	0
crypto.core.modes	2	struct	2	0	0	2	0
crypto.dh	1	struct	1	0	1	0	0
crypto.dh.X25519	2	struct	9	0	2	3	4
crypto.dh.X25519.Curve	3	struct	12	1	2	9	1
crypto.dh.X25519.Curve.Fe	4	struct	34	1	0	21	13
crypto.dh.X25519.Curve.scalar	4	struct	15	0	2	11	2
crypto.dh.X25519.Curve.scalar.Scalar	5	struct	9	1	0	9	0
crypto.dh.X25519.KeyPair	3	struct	3	2	0	3	0
crypto.kem	1	struct	3	0	3	0	0
crypto.kem.hybrid	2	struct	5	0	4	1	0
crypto.kem.hybrid.MlKem768X25519	3	struct	4	0	4	0	0
crypto.kem.hybrid.MlKem768X25519.PublicKey	4	struct	5	1	0	4	1
crypto.kem.hybrid.MlKem768X25519.SecretKey	4	struct	4	1	0	3	1
crypto.kem.hybrid.MlKem768X25519.KeyPair	4	struct	2	2	0	2	0
crypto.kem.hybrid.MlKem768X25519.EncapsulatedSecret	4	struct	2	2	0	0	2
crypto.kem.hybrid.MlKem768P256	3	struct	4	0	4	0	0
crypto.kem.hybrid.MlKem768P256.PublicKey	4	struct	5	1	0	4	1
crypto.kem.hybrid.MlKem768P256.SecretKey	4	struct	4	1	0	3	1
crypto.kem.hybrid.MlKem768P256.KeyPair	4	struct	2	2	0	2	0
crypto.kem.hybrid.MlKem768P256.EncapsulatedSecret	4	struct	2	2	0	0	2
crypto.kem.hybrid.MlKem1024P384	3	struct	4	0	4	0	0
crypto.kem.hybrid.MlKem1024P384.PublicKey	4	struct	5	1	0	4	1
crypto.kem.hybrid.MlKem1024P384.SecretKey	4	struct	4	1	0	3	1
crypto.kem.hybrid.MlKem1024P384.KeyPair	4	struct	2	2	0	2	0
crypto.kem.hybrid.MlKem1024P384.EncapsulatedSecret	4	struct	2	2	0	0	2
crypto.kem.hybrid.Params	3	struct	0	11	0	0	0
crypto.kem.kyber_d00	2	struct	3	0	3	0	0
crypto.kem.kyber_d00.Kyber512	3	struct	9	0	4	0	5
crypto.kem.kyber_d00.Kyber512.EncapsulatedSecret	4	struct	0	2	0	0	0
crypto.kem.kyber_d00.Kyber512.PublicKey	4	struct	5	2	0	4	1
crypto.kem.kyber_d00.Kyber512.SecretKey	4	struct	4	4	0	3	1
crypto.kem.kyber_d00.Kyber512.KeyPair	4	struct	2	2	0	2	0
crypto.kem.kyber_d00.Kyber768	3	struct	9	0	4	0	5
crypto.kem.kyber_d00.Kyber768.EncapsulatedSecret	4	struct	0	2	0	0	0
crypto.kem.kyber_d00.Kyber768.PublicKey	4	struct	5	2	0	4	1
crypto.kem.kyber_d00.Kyber768.SecretKey	4	struct	4	4	0	3	1
crypto.kem.kyber_d00.Kyber768.KeyPair	4	struct	2	2	0	2	0
crypto.kem.kyber_d00.Kyber1024	3	struct	9	0	4	0	5
crypto.kem.kyber_d00.Kyber1024.EncapsulatedSecret	4	struct	0	2	0	0	0
crypto.kem.kyber_d00.Kyber1024.PublicKey	4	struct	5	2	0	4	1
crypto.kem.kyber_d00.Kyber1024.SecretKey	4	struct	4	4	0	3	1
crypto.kem.kyber_d00.Kyber1024.KeyPair	4	struct	2	2	0	2	0
crypto.kem.ml_kem	2	struct	3	0	3	0	0
crypto.kem.ml_kem.MLKem512	3	struct	9	0	4	0	5
crypto.kem.ml_kem.MLKem512.EncapsulatedSecret	4	struct	0	2	0	0	0
crypto.kem.ml_kem.MLKem512.PublicKey	4	struct	5	2	0	4	1
crypto.kem.ml_kem.MLKem512.SecretKey	4	struct	4	4	0	3	1
crypto.kem.ml_kem.MLKem512.KeyPair	4	struct	2	2	0	2	0
crypto.kem.ml_kem.MLKem768	3	struct	9	0	4	0	5
crypto.kem.ml_kem.MLKem768.EncapsulatedSecret	4	struct	0	2	0	0	0
crypto.kem.ml_kem.MLKem768.PublicKey	4	struct	5	2	0	4	1
crypto.kem.ml_kem.MLKem768.SecretKey	4	struct	4	4	0	3	1
crypto.kem.ml_kem.MLKem768.KeyPair	4	struct	2	2	0	2	0
crypto.kem.ml_kem.MLKem1024	3	struct	9	0	4	0	5
crypto.kem.ml_kem.MLKem1024.EncapsulatedSecret	4	struct	0	2	0	0	0
crypto.kem.ml_kem.MLKem1024.PublicKey	4	struct	5	2	0	4	1
crypto.kem.ml_kem.MLKem1024.SecretKey	4	struct	4	4	0	3	1
crypto.kem.ml_kem.MLKem1024.KeyPair	4	struct	2	2	0	2	0
crypto.ecc	1	struct	6	0	6	0	0
crypto.ecc.Curve25519	2	struct	12	1	2	9	1
crypto.ecc.Curve25519.Fe	3	struct	34	1	0	21	13
crypto.ecc.Curve25519.scalar	3	struct	15	0	2	11	2
crypto.ecc.Curve25519.scalar.Scalar	4	struct	9	1	0	9	0
crypto.ecc.Edwards25519	2	struct	25	5	2	20	3
crypto.ecc.Edwards25519.Fe	3	struct	34	1	0	21	13
crypto.ecc.Edwards25519.scalar	3	struct	15	0	2	11	2
crypto.ecc.Edwards25519.scalar.Scalar	4	struct	9	1	0	9	0
crypto.ecc.P256	2	struct	24	4	2	19	3
crypto.ecc.P256.Fe	3	struct	27	1	1	20	6
crypto.ecc.P256.scalar	3	struct	13	0	2	9	2
crypto.ecc.P256.scalar.Scalar	4	struct	20	1	0	18	2
crypto.ecc.P384	2	struct	24	4	2	19	3
crypto.ecc.P384.Fe	3	struct	27	1	1	20	6
crypto.ecc.P384.scalar	3	struct	12	0	2	8	2
crypto.ecc.P384.scalar.Scalar	4	struct	19	1	0	17	2
crypto.ecc.Ristretto255	2	struct	14	1	3	9	2
crypto.ecc.Ristretto255.Curve	3	struct	25	5	2	20	3
crypto.ecc.Ristretto255.Curve.Fe	4	struct	34	1	0	21	13
crypto.ecc.Ristretto255.Curve.scalar	4	struct	15	0	2	11	2
crypto.ecc.Ristretto255.Curve.scalar.Scalar	5	struct	9	1	0	9	0
crypto.ecc.Ristretto255.Fe	3	struct	34	1	0	21	13
crypto.ecc.Ristretto255.scalar	3	struct	15	0	2	11	2
crypto.ecc.Ristretto255.scalar.Scalar	4	struct	9	1	0	9	0
crypto.ecc.Secp256k1	2	struct	25	4	3	19	3
crypto.ecc.Secp256k1.Fe	3	struct	27	1	1	20	6
crypto.ecc.Secp256k1.scalar	3	struct	13	0	2	9	2
crypto.ecc.Secp256k1.scalar.Scalar	4	struct	20	1	0	18	2
crypto.ecc.Secp256k1.Endormorphism	3	struct	2	0	1	1	0
crypto.ecc.Secp256k1.Endormorphism.SplitScalar	4	struct	0	2	0	0	0
crypto.hash	1	struct	8	0	8	0	0
crypto.hash.ascon	2	struct	3	0	3	0	0
crypto.hash.ascon.AsconHash256	3	struct	7	1	1	4	2
crypto.hash.ascon.AsconHash256.Options	4	struct	0	0	0	0	0
crypto.hash.ascon.AsconXof128	3	struct	6	2	1	4	1
crypto.hash.ascon.AsconXof128.Options	4	struct	0	0	0	0	0
crypto.hash.ascon.AsconCxof128	3	struct	7	2	1	4	2
crypto.hash.ascon.AsconCxof128.Options	4	struct	0	1	0	0	0
crypto.hash.blake2	2	struct	11	0	9	2	0
crypto.hash.blake2.Blake2s128	3	struct	10	4	1	4	5
crypto.hash.blake2.Blake2s128.Options	4	struct	0	4	0	0	0
crypto.hash.blake2.Blake2s160	3	struct	10	4	1	4	5
crypto.hash.blake2.Blake2s160.Options	4	struct	0	4	0	0	0
crypto.hash.blake2.Blake2s224	3	struct	10	4	1	4	5
crypto.hash.blake2.Blake2s224.Options	4	struct	0	4	0	0	0
crypto.hash.blake2.Blake2s256	3	struct	10	4	1	4	5
crypto.hash.blake2.Blake2s256.Options	4	struct	0	4	0	0	0
crypto.hash.blake2.Blake2b128	3	struct	10	4	1	4	5
crypto.hash.blake2.Blake2b128.Options	4	struct	0	4	0	0	0
crypto.hash.blake2.Blake2b160	3	struct	10	4	1	4	5
crypto.hash.blake2.Blake2b160.Options	4	struct	0	4	0	0	0
crypto.hash.blake2.Blake2b256	3	struct	10	4	1	4	5
crypto.hash.blake2.Blake2b256.Options	4	struct	0	4	0	0	0
crypto.hash.blake2.Blake2b384	3	struct	10	4	1	4	5
crypto.hash.blake2.Blake2b384.Options	4	struct	0	4	0	0	0
crypto.hash.blake2.Blake2b512	3	struct	10	4	1	4	5
crypto.hash.blake2.Blake2b512.Options	4	struct	0	4	0	0	0
crypto.hash.Blake3	2	struct	13	4	2	8	3
crypto.hash.Blake3.Options	3	struct	0	1	0	0	0
crypto.hash.Blake3.KdfOptions	3	struct	0	0	0	0	0
crypto.hash.Md5	2	struct	8	4	1	5	2
crypto.hash.Md5.Options	3	struct	0	0	0	0	0
crypto.hash.Sha1	2	struct	9	4	1	6	2
crypto.hash.Sha1.Options	3	struct	0	0	0	0	0
crypto.hash.sha2	2	struct	9	0	9	0	0
crypto.hash.sha2.Sha224	3	struct	9	4	1	6	2
crypto.hash.sha2.Sha224.Options	4	struct	0	0	0	0	0
crypto.hash.sha2.Sha256	3	struct	9	4	1	6	2
crypto.hash.sha2.Sha256.Options	4	struct	0	0	0	0	0
crypto.hash.sha2.Sha384	3	struct	9	4	1	6	2
crypto.hash.sha2.Sha384.Options	4	struct	0	0	0	0	0
crypto.hash.sha2.Sha512	3	struct	9	4	1	6	2
crypto.hash.sha2.Sha512.Options	4	struct	0	0	0	0	0
crypto.hash.sha2.Sha256T192	3	struct	9	4	1	6	2
crypto.hash.sha2.Sha256T192.Options	4	struct	0	0	0	0	0
crypto.hash.sha2.Sha512T224	3	struct	9	4	1	6	2
crypto.hash.sha2.Sha512T224.Options	4	struct	0	0	0	0	0
crypto.hash.sha2.Sha512T256	3	struct	9	4	1	6	2
crypto.hash.sha2.Sha512T256.Options	4	struct	0	0	0	0	0
crypto.hash.sha2.Sha512_224	3	struct	9	4	1	6	2
crypto.hash.sha2.Sha512_224.Options	4	struct	0	0	0	0	0
crypto.hash.sha2.Sha512_256	3	struct	9	4	1	6	2
crypto.hash.sha2.Sha512_256.Options	4	struct	0	0	0	0	0
crypto.hash.sha3	2	struct	25	0	17	8	0
crypto.hash.sha3.Sha3_224	3	struct	7	1	1	4	2
crypto.hash.sha3.Sha3_224.Options	4	struct	0	1	0	0	0
crypto.hash.sha3.Sha3_256	3	struct	7	1	1	4	2
crypto.hash.sha3.Sha3_256.Options	4	struct	0	1	0	0	0
crypto.hash.sha3.Sha3_384	3	struct	7	1	1	4	2
crypto.hash.sha3.Sha3_384.Options	4	struct	0	1	0	0	0
crypto.hash.sha3.Sha3_512	3	struct	7	1	1	4	2
crypto.hash.sha3.Sha3_512.Options	4	struct	0	1	0	0	0
crypto.hash.sha3.Keccak256	3	struct	7	1	1	4	2
crypto.hash.sha3.Keccak256.Options	4	struct	0	1	0	0	0
crypto.hash.sha3.Keccak512	3	struct	7	1	1	4	2
crypto.hash.sha3.Keccak512.Options	4	struct	0	1	0	0	0
crypto.hash.sha3.Shake128	3	struct	9	4	1	6	2
crypto.hash.sha3.Shake128.Options	4	struct	0	1	0	0	0
crypto.hash.sha3.Shake256	3	struct	9	4	1	6	2
crypto.hash.sha3.Shake256.Options	4	struct	0	1	0	0	0
crypto.hash.sha3.CShake128	3	struct	9	1	1	6	2
crypto.hash.sha3.CShake128.Options	4	struct	0	1	0	0	0
crypto.hash.sha3.CShake256	3	struct	9	1	1	6	2
crypto.hash.sha3.CShake256.Options	4	struct	0	1	0	0	0
crypto.hash.sha3.KMac128	3	struct	13	2	1	7	5
crypto.hash.sha3.KMac128.Options	4	struct	0	1	0	0	0
crypto.hash.sha3.KMac256	3	struct	13	2	1	7	5
crypto.hash.sha3.KMac256.Options	4	struct	0	1	0	0	0
crypto.hash.sha3.TupleHash128	3	struct	9	2	1	6	2
crypto.hash.sha3.TupleHash128.Options	4	struct	0	1	0	0	0
crypto.hash.sha3.TupleHash256	3	struct	9	2	1	6	2
crypto.hash.sha3.TupleHash256.Options	4	struct	0	1	0	0	0
crypto.hash.sha3.KT128	3	struct	8	10	1	5	2
crypto.hash.sha3.KT128.Options	4	struct	0	1	0	0	0
crypto.hash.sha3.KT256	3	struct	8	10	1	5	2
crypto.hash.sha3.KT256.Options	4	struct	0	1	0	0	0
crypto.hash.sha3.NistLengthEncoding	3	enum	2	2	1	1	0
crypto.hash.sha3.NistLengthEncoding.Length	4	struct	1	2	0	1	0
crypto.hash.composition	2	struct	4	0	3	1	0
crypto.hash.composition.Sha256oSha256	3	struct	7	2	1	4	2
crypto.hash.composition.Sha256oSha256.Options	4	struct	0	2	0	0	0
crypto.hash.composition.Sha384oSha384	3	struct	7	2	1	4	2
crypto.hash.composition.Sha384oSha384.Options	4	struct	0	2	0	0	0
crypto.hash.composition.Sha512oSha512	3	struct	7	2	1	4	2
crypto.hash.composition.Sha512oSha512.Options	4	struct	0	2	0	0	0
crypto.kdf	1	struct	1	0	1	0	0
crypto.kdf.hkdf	2	struct	3	0	2	1	0
crypto.kdf.hkdf.HkdfSha256	3	struct	4	0	0	3	1
crypto.kdf.hkdf.HkdfSha512	3	struct	4	0	0	3	1
crypto.onetimeauth	1	struct	3	0	3	0	0
crypto.onetimeauth.Ghash	2	struct	9	4	0	6	3
crypto.onetimeauth.Polyval	2	struct	9	4	0	6	3
crypto.onetimeauth.Poly1305	2	struct	8	5	0	5	3
crypto.pwhash	1	struct	9	0	8	1	0
crypto.pwhash.Encoding	2	enum	0	2	0	0	0
crypto.pwhash.argon2	2	struct	7	0	4	3	0
crypto.pwhash.argon2.Mode	3	enum	0	3	0	0	0
crypto.pwhash.argon2.Params	3	struct	8	5	0	1	7
crypto.pwhash.argon2.HashOptions	3	struct	0	4	0	0	0
crypto.pwhash.argon2.VerifyOptions	3	struct	0	1	0	0	0
crypto.pwhash.bcrypt	2	struct	12	0	4	6	2
crypto.pwhash.bcrypt.State	3	struct	0	2	0	0	0
crypto.pwhash.bcrypt.Params	3	struct	1	2	0	0	1
crypto.pwhash.bcrypt.HashOptions	3	struct	0	3	0	0	0
crypto.pwhash.bcrypt.VerifyOptions	3	struct	0	2	0	0	0
crypto.pwhash.scrypt	2	struct	8	0	3	4	1
crypto.pwhash.scrypt.Params	3	struct	4	3	0	1	3
crypto.pwhash.scrypt.HashOptions	3	struct	0	3	0	0	0
crypto.pwhash.scrypt.VerifyOptions	3	struct	0	1	0	0	0
crypto.pwhash.phc_format	2	struct	5	0	1	4	0
crypto.sign	1	struct	3	0	3	0	0
crypto.sign.Ed25519	2	struct	11	0	9	1	1
crypto.sign.Ed25519.Curve	3	struct	25	5	2	20	3
crypto.sign.Ed25519.Curve.Fe	4	struct	34	1	0	21	13
crypto.sign.Ed25519.Curve.scalar	4	struct	15	0	2	11	2
crypto.sign.Ed25519.Curve.scalar.Scalar	5	struct	9	1	0	9	0
crypto.sign.Ed25519.SecretKey	3	struct	5	1	0	4	1
crypto.sign.Ed25519.Signer	3	struct	2	4	0	2	0
crypto.sign.Ed25519.PublicKey	3	struct	3	1	0	2	1
crypto.sign.Ed25519.Verifier	3	struct	5	4	2	3	0
crypto.sign.Ed25519.Signature	3	struct	7	2	1	5	1
crypto.sign.Ed25519.KeyPair	3	struct	7	2	0	6	1
crypto.sign.Ed25519.BatchElement	3	struct	0	3	0	0	0
crypto.sign.Ed25519.key_blinding	3	struct	4	0	3	0	1
crypto.sign.Ed25519.key_blinding.BlindSecretKey	4	struct	0	3	0	0	0
crypto.sign.Ed25519.key_blinding.BlindPublicKey	4	struct	1	1	0	1	0
crypto.sign.Ed25519.key_blinding.BlindKeyPair	4	struct	2	2	0	2	0
crypto.sign.ecdsa	2	struct	7	0	6	1	0
crypto.sign.ecdsa.EcdsaP256Sha256	3	struct	7	0	6	0	1
crypto.sign.ecdsa.EcdsaP256Sha256.SecretKey	4	struct	3	1	0	2	1
crypto.sign.ecdsa.EcdsaP256Sha256.PublicKey	4	struct	5	1	0	3	2
crypto.sign.ecdsa.EcdsaP256Sha256.Signature	4	struct	10	2	1	7	2
crypto.sign.ecdsa.EcdsaP256Sha256.Signer	4	struct	2	3	0	2	0
crypto.sign.ecdsa.EcdsaP256Sha256.Verifier	4	struct	4	4	2	2	0
crypto.sign.ecdsa.EcdsaP256Sha256.KeyPair	4	struct	7	2	0	6	1
crypto.sign.ecdsa.EcdsaP256Sha3_256	3	struct	7	0	6	0	1
crypto.sign.ecdsa.EcdsaP256Sha3_256.SecretKey	4	struct	3	1	0	2	1
crypto.sign.ecdsa.EcdsaP256Sha3_256.PublicKey	4	struct	5	1	0	3	2
crypto.sign.ecdsa.EcdsaP256Sha3_256.Signature	4	struct	10	2	1	7	2
crypto.sign.ecdsa.EcdsaP256Sha3_256.Signer	4	struct	2	3	0	2	0
crypto.sign.ecdsa.EcdsaP256Sha3_256.Verifier	4	struct	4	4	2	2	0
crypto.sign.ecdsa.EcdsaP256Sha3_256.KeyPair	4	struct	7	2	0	6	1
crypto.sign.ecdsa.EcdsaP384Sha384	3	struct	7	0	6	0	1
crypto.sign.ecdsa.EcdsaP384Sha384.SecretKey	4	struct	3	1	0	2	1
crypto.sign.ecdsa.EcdsaP384Sha384.PublicKey	4	struct	5	1	0	3	2
crypto.sign.ecdsa.EcdsaP384Sha384.Signature	4	struct	10	2	1	7	2
crypto.sign.ecdsa.EcdsaP384Sha384.Signer	4	struct	2	3	0	2	0
crypto.sign.ecdsa.EcdsaP384Sha384.Verifier	4	struct	4	4	2	2	0
crypto.sign.ecdsa.EcdsaP384Sha384.KeyPair	4	struct	7	2	0	6	1
crypto.sign.ecdsa.EcdsaP384Sha3_384	3	struct	7	0	6	0	1
crypto.sign.ecdsa.EcdsaP384Sha3_384.SecretKey	4	struct	3	1	0	2	1
crypto.sign.ecdsa.EcdsaP384Sha3_384.PublicKey	4	struct	5	1	0	3	2
crypto.sign.ecdsa.EcdsaP384Sha3_384.Signature	4	struct	10	2	1	7	2
crypto.sign.ecdsa.EcdsaP384Sha3_384.Signer	4	struct	2	3	0	2	0
crypto.sign.ecdsa.EcdsaP384Sha3_384.Verifier	4	struct	4	4	2	2	0
crypto.sign.ecdsa.EcdsaP384Sha3_384.KeyPair	4	struct	7	2	0	6	1
crypto.sign.ecdsa.EcdsaSecp256k1Sha256	3	struct	7	0	6	0	1
crypto.sign.ecdsa.EcdsaSecp256k1Sha256.SecretKey	4	struct	3	1	0	2	1
crypto.sign.ecdsa.EcdsaSecp256k1Sha256.PublicKey	4	struct	5	1	0	3	2
crypto.sign.ecdsa.EcdsaSecp256k1Sha256.Signature	4	struct	10	2	1	7	2
crypto.sign.ecdsa.EcdsaSecp256k1Sha256.Signer	4	struct	2	3	0	2	0
crypto.sign.ecdsa.EcdsaSecp256k1Sha256.Verifier	4	struct	4	4	2	2	0
crypto.sign.ecdsa.EcdsaSecp256k1Sha256.KeyPair	4	struct	7	2	0	6	1
crypto.sign.ecdsa.EcdsaSecp256k1Sha256oSha256	3	struct	7	0	6	0	1
crypto.sign.ecdsa.EcdsaSecp256k1Sha256oSha256.SecretKey	4	struct	3	1	0	2	1
crypto.sign.ecdsa.EcdsaSecp256k1Sha256oSha256.PublicKey	4	struct	5	1	0	3	2
crypto.sign.ecdsa.EcdsaSecp256k1Sha256oSha256.Signature	4	struct	10	2	1	7	2
crypto.sign.ecdsa.EcdsaSecp256k1Sha256oSha256.Signer	4	struct	2	3	0	2	0
crypto.sign.ecdsa.EcdsaSecp256k1Sha256oSha256.Verifier	4	struct	4	4	2	2	0
crypto.sign.ecdsa.EcdsaSecp256k1Sha256oSha256.KeyPair	4	struct	7	2	0	6	1
crypto.sign.mldsa	2	struct	3	0	3	0	0
crypto.sign.mldsa.MLDSA44	3	struct	17	0	6	1	10
crypto.sign.mldsa.MLDSA44.PublicKey	4	struct	3	5	0	2	1
crypto.sign.mldsa.MLDSA44.SecretKey	4	struct	6	10	0	5	1
crypto.sign.mldsa.MLDSA44.Signature	4	struct	8	3	1	6	1
crypto.sign.mldsa.MLDSA44.Signer	4	struct	3	3	0	3	0
crypto.sign.mldsa.MLDSA44.Verifier	4	struct	5	3	2	3	0
crypto.sign.mldsa.MLDSA44.KeyPair	4	struct	8	2	0	7	1
crypto.sign.mldsa.MLDSA65	3	struct	17	0	6	1	10
crypto.sign.mldsa.MLDSA65.PublicKey	4	struct	3	5	0	2	1
crypto.sign.mldsa.MLDSA65.SecretKey	4	struct	6	10	0	5	1
crypto.sign.mldsa.MLDSA65.Signature	4	struct	8	3	1	6	1
crypto.sign.mldsa.MLDSA65.Signer	4	struct	3	3	0	3	0
crypto.sign.mldsa.MLDSA65.Verifier	4	struct	5	3	2	3	0
crypto.sign.mldsa.MLDSA65.KeyPair	4	struct	8	2	0	7	1
crypto.sign.mldsa.MLDSA87	3	struct	17	0	6	1	10
crypto.sign.mldsa.MLDSA87.PublicKey	4	struct	3	5	0	2	1
crypto.sign.mldsa.MLDSA87.SecretKey	4	struct	6	10	0	5	1
crypto.sign.mldsa.MLDSA87.Signature	4	struct	8	3	1	6	1
crypto.sign.mldsa.MLDSA87.Signer	4	struct	3	3	0	3	0
crypto.sign.mldsa.MLDSA87.Verifier	4	struct	5	3	2	3	0
crypto.sign.mldsa.MLDSA87.KeyPair	4	struct	8	2	0	7	1
crypto.stream	1	struct	2	0	2	0	0
crypto.stream.chacha	2	struct	9	0	9	0	0
crypto.stream.chacha.ChaCha20IETF	3	struct	5	0	0	2	3
crypto.stream.chacha.ChaCha12IETF	3	struct	5	0	0	2	3
crypto.stream.chacha.ChaCha8IETF	3	struct	5	0	0	2	3
crypto.stream.chacha.ChaCha20With64BitNonce	3	struct	5	0	0	2	3
crypto.stream.chacha.ChaCha12With64BitNonce	3	struct	5	0	0	2	3
crypto.stream.chacha.ChaCha8With64BitNonce	3	struct	5	0	0	2	3
crypto.stream.chacha.XChaCha20IETF	3	struct	5	0	0	2	3
crypto.stream.chacha.XChaCha12IETF	3	struct	5	0	0	2	3
crypto.stream.chacha.XChaCha8IETF	3	struct	5	0	0	2	3
crypto.stream.salsa	2	struct	4	0	2	2	0
crypto.stream.salsa.Salsa20	3	struct	3	0	0	1	2
crypto.stream.salsa.XSalsa20	3	struct	3	0	0	1	2
crypto.nacl	1	struct	3	0	3	0	0
crypto.nacl.Box	2	struct	10	0	1	3	6
crypto.nacl.Box.KeyPair	3	struct	3	2	0	3	0
crypto.nacl.SecretBox	2	struct	5	0	0	2	3
crypto.nacl.SealedBox	2	struct	7	0	1	2	4
crypto.nacl.SealedBox.KeyPair	3	struct	3	2	0	3	0
crypto.ff	1	struct	8	0	6	2	0
crypto.errors	1	struct	14	0	14	0	0
crypto.SideChannelsMitigations	1	enum	0	4	0	0	0