path	name	class
hash	ascon	namespace
hash.ascon	AsconHash256	PRIMITIVE
hash.ascon	AsconXof128	PRIMITIVE
hash.ascon	AsconCxof128	PRIMITIVE
hash	blake2	namespace
hash.blake2	Blake2s128	PRIMITIVE
hash.blake2	Blake2s160	PRIMITIVE
hash.blake2	Blake2s224	PRIMITIVE
hash.blake2	Blake2s256	PRIMITIVE
hash.blake2	Blake2s	BUILDER
hash.blake2	Blake2b128	PRIMITIVE
hash.blake2	Blake2b160	PRIMITIVE
hash.blake2	Blake2b256	PRIMITIVE
hash.blake2	Blake2b384	PRIMITIVE
hash.blake2	Blake2b512	PRIMITIVE
hash.blake2	Blake2b	BUILDER
hash	Blake3	PRIMITIVE
hash	Md5	PRIMITIVE
hash	Sha1	PRIMITIVE
hash	sha2	namespace
hash.sha2	Sha224	PRIMITIVE
hash.sha2	Sha256	PRIMITIVE
hash.sha2	Sha384	PRIMITIVE
hash.sha2	Sha512	PRIMITIVE
hash.sha2	Sha256T192	PRIMITIVE
hash.sha2	Sha512T224	PRIMITIVE
hash.sha2	Sha512T256	PRIMITIVE
hash.sha2	Sha512_224	PRIMITIVE
hash.sha2	Sha512_256	PRIMITIVE
hash	sha3	namespace
hash.sha3	Sha3_224	PRIMITIVE
hash.sha3	Sha3_256	PRIMITIVE
hash.sha3	Sha3_384	PRIMITIVE
hash.sha3	Sha3_512	PRIMITIVE
hash.sha3	Keccak256	PRIMITIVE
hash.sha3	Keccak512	PRIMITIVE
hash.sha3	Shake128	PRIMITIVE
hash.sha3	Shake256	PRIMITIVE
hash.sha3	CShake128	PRIMITIVE
hash.sha3	CShake256	PRIMITIVE
hash.sha3	KMac128	PRIMITIVE
hash.sha3	KMac256	PRIMITIVE
hash.sha3	TupleHash128	PRIMITIVE
hash.sha3	TupleHash256	PRIMITIVE
hash.sha3	KT128	PRIMITIVE
hash.sha3	KT256	PRIMITIVE
hash.sha3	TurboShake128	BUILDER
hash.sha3	TurboShake256	BUILDER
hash.sha3	Keccak	BUILDER
hash.sha3	Shake	BUILDER
hash.sha3	TurboShake	BUILDER
hash.sha3	CShake	BUILDER
hash.sha3	KMac	BUILDER
hash.sha3	TupleHash	BUILDER
hash.sha3	NistLengthEncoding	namespace
hash	composition	namespace
hash.composition	Composition	BUILDER
hash.composition	Sha256oSha256	PRIMITIVE
hash.composition	Sha384oSha384	PRIMITIVE
hash.composition	Sha512oSha512	PRIMITIVE
auth	hmac	namespace
auth.hmac	HmacMd5	PRIMITIVE
auth.hmac	HmacSha1	PRIMITIVE
auth.hmac	sha2	namespace
auth.hmac.sha2	HmacSha224	PRIMITIVE
auth.hmac.sha2	HmacSha256	PRIMITIVE
auth.hmac.sha2	HmacSha384	PRIMITIVE
auth.hmac.sha2	HmacSha512	PRIMITIVE
auth.hmac	Hmac	BUILDER
auth	siphash	namespace
auth.siphash	SipHash64	BUILDER
auth.siphash	SipHash128	BUILDER
auth	aegis	namespace
auth.aegis	Aegis128X4Mac	PRIMITIVE
auth.aegis	Aegis128X2Mac	PRIMITIVE
auth.aegis	Aegis128LMac	PRIMITIVE
auth.aegis	Aegis256X4Mac	PRIMITIVE
auth.aegis	Aegis256X2Mac	PRIMITIVE
auth.aegis	Aegis256Mac	PRIMITIVE
auth.aegis	Aegis128X4Mac_128	PRIMITIVE
auth.aegis	Aegis128X2Mac_128	PRIMITIVE
auth.aegis	Aegis128LMac_128	PRIMITIVE
auth.aegis	Aegis256X4Mac_128	PRIMITIVE
auth.aegis	Aegis256X2Mac_128	PRIMITIVE
auth.aegis	Aegis256Mac_128	PRIMITIVE
auth	cmac	namespace
auth.cmac	CmacAes128	PRIMITIVE
auth.cmac	Cmac	BUILDER
auth	cbc_mac	namespace
auth.cbc_mac	CbcMacAes128	PRIMITIVE
auth.cbc_mac	CbcMac	BUILDER
onetimeauth	Ghash	PRIMITIVE
onetimeauth	Polyval	PRIMITIVE
onetimeauth	Poly1305	PRIMITIVE
aead	aegis	namespace
aead.aegis	Aegis128X4	PRIMITIVE
aead.aegis	Aegis128X2	PRIMITIVE
aead.aegis	Aegis128L	PRIMITIVE
aead.aegis	Aegis256X4	PRIMITIVE
aead.aegis	Aegis256X2	PRIMITIVE
aead.aegis	Aegis256	PRIMITIVE
aead.aegis	Aegis128X4_256	PRIMITIVE
aead.aegis	Aegis128X2_256	PRIMITIVE
aead.aegis	Aegis128L_256	PRIMITIVE
aead.aegis	Aegis256X4_256	PRIMITIVE
aead.aegis	Aegis256X2_256	PRIMITIVE
aead.aegis	Aegis256_256	PRIMITIVE
aead	aes_gcm	namespace
aead.aes_gcm	Aes128Gcm	PRIMITIVE
aead.aes_gcm	Aes256Gcm	PRIMITIVE
aead	aes_gcm_siv	namespace
aead.aes_gcm_siv	Aes128GcmSiv	PRIMITIVE
aead.aes_gcm_siv	Aes256GcmSiv	PRIMITIVE
aead	aes_siv	namespace
aead.aes_siv	Aes128Siv	PRIMITIVE
aead.aes_siv	Aes256Siv	PRIMITIVE
aead	aes_ocb	namespace
aead.aes_ocb	Aes128Ocb	PRIMITIVE
aead.aes_ocb	Aes256Ocb	PRIMITIVE
aead	aes_ccm	namespace
aead.aes_ccm	Aes128Ccm0	PRIMITIVE
aead.aes_ccm	Aes128Ccm8	PRIMITIVE
aead.aes_ccm	Aes128Ccm16	PRIMITIVE
aead.aes_ccm	Aes256Ccm0	PRIMITIVE
aead.aes_ccm	Aes256Ccm8	PRIMITIVE
aead.aes_ccm	Aes256Ccm16	PRIMITIVE
aead	ascon	namespace
aead.ascon	AsconAead128	PRIMITIVE
aead	chacha_poly	namespace
aead.chacha_poly	ChaCha20Poly1305	PRIMITIVE
aead.chacha_poly	ChaCha12Poly1305	PRIMITIVE
aead.chacha_poly	ChaCha8Poly1305	PRIMITIVE
aead.chacha_poly	XChaCha20Poly1305	PRIMITIVE
aead.chacha_poly	XChaCha12Poly1305	PRIMITIVE
aead.chacha_poly	XChaCha8Poly1305	PRIMITIVE
aead	isap	namespace
aead.isap	IsapA128A	PRIMITIVE
aead	salsa_poly	namespace
aead.salsa_poly	XSalsa20Poly1305	PRIMITIVE
stream	chacha	namespace
stream.chacha	ChaCha20IETF	PRIMITIVE
stream.chacha	ChaCha12IETF	PRIMITIVE
stream.chacha	ChaCha8IETF	PRIMITIVE
stream.chacha	ChaCha20With64BitNonce	PRIMITIVE
stream.chacha	ChaCha12With64BitNonce	PRIMITIVE
stream.chacha	ChaCha8With64BitNonce	PRIMITIVE
stream.chacha	XChaCha20IETF	PRIMITIVE
stream.chacha	XChaCha12IETF	PRIMITIVE
stream.chacha	XChaCha8IETF	PRIMITIVE
stream	salsa	namespace
stream.salsa	Salsa	BUILDER
stream.salsa	XSalsa	BUILDER
stream.salsa	Salsa20	PRIMITIVE
stream.salsa	XSalsa20	PRIMITIVE
kdf	hkdf	namespace
kdf.hkdf	HkdfSha256	PRIMITIVE
kdf.hkdf	HkdfSha512	PRIMITIVE
kdf.hkdf	Hkdf	BUILDER
pwhash	Encoding	namespace
pwhash	Error	alias
pwhash	HasherError	alias
pwhash	KdfError	alias
pwhash	argon2	namespace
pwhash.argon2	kdf	free-fn
pwhash.argon2	strHash	free-fn
pwhash.argon2	strVerify	free-fn
pwhash	bcrypt	namespace
pwhash.bcrypt	salt_length	const
pwhash.bcrypt	hash_length	const
pwhash.bcrypt	State	namespace
pwhash.bcrypt	bcrypt	free-fn
pwhash.bcrypt	pbkdf	free-fn
pwhash.bcrypt	opensshKdf	free-fn
pwhash.bcrypt	strHash	free-fn
pwhash.bcrypt	strHashWithSalt	free-fn
pwhash.bcrypt	strVerify	free-fn
pwhash	scrypt	namespace
pwhash.scrypt	default_salt_len	const
pwhash.scrypt	kdf	free-fn
pwhash.scrypt	strHash	free-fn
pwhash.scrypt	strHashWithSalt	free-fn
pwhash.scrypt	strVerify	free-fn
pwhash	pbkdf2	free-fn
sign	Ed25519	PRIMITIVE
sign	ecdsa	namespace
sign.ecdsa	EcdsaP256Sha256	PRIMITIVE
sign.ecdsa	EcdsaP256Sha3_256	PRIMITIVE
sign.ecdsa	EcdsaP384Sha384	PRIMITIVE
sign.ecdsa	EcdsaP384Sha3_384	PRIMITIVE
sign.ecdsa	EcdsaSecp256k1Sha256	PRIMITIVE
sign.ecdsa	EcdsaSecp256k1Sha256oSha256	PRIMITIVE
sign.ecdsa	Ecdsa	BUILDER
sign	mldsa	namespace
sign.mldsa	MLDSA44	PRIMITIVE
sign.mldsa	MLDSA65	PRIMITIVE
sign.mldsa	MLDSA87	PRIMITIVE
dh	X25519	PRIMITIVE
kem	hybrid	namespace
kem.hybrid	MlKem768X25519	PRIMITIVE
kem.hybrid	MlKem768P256	PRIMITIVE
kem.hybrid	MlKem1024P384	PRIMITIVE
kem.hybrid	HybridKem	BUILDER
kem	ml_kem	namespace
kem.ml_kem	MLKem512	PRIMITIVE
kem.ml_kem	MLKem768	PRIMITIVE
kem.ml_kem	MLKem1024	PRIMITIVE
nacl	Box	PRIMITIVE
nacl	SecretBox	PRIMITIVE
nacl	SealedBox	PRIMITIVE